"id","inward_dt","unit","inward_no","item_mark","vakkal","lot_no","no_of_cartons","weight_kg","total_inventory_kgs","group_name","item_description","storage_location","exporter","last_purchase_rate","value","created_at","updated_at"
1,"2023-07-24","D-39","GR5903","WHITE POWDER","V-2","56059","39.00","10.000","390.00","Date Powder","10KG AL BARAKAH DATE POWDER V2","Savla","AL BARAKAH","215.00","83850.00","2026-02-18 12:46:25.597185","2026-02-18 12:46:25.597185"
2,"2023-12-06","D-39","GR14501","BASOOR=OMAN DRY DATES","GRADE 2","77517","49.00","7.000","343.00","Dry Dates","DRY DATES-GRADE 2","Savla","NAKHEEL","241.00","82663.00","2026-02-18 12:46:25.597185","2026-02-18 12:46:25.597185"
3,"2023-12-06","D-39","GR14501","BASOOR=OMAN DRY DATES","GRADE 2","77517","14.00","7.000","98.00","Dry Dates","DRY DATES-GRADE 2","Savla","NAKHEEL","241.00","23618.00","2026-02-18 12:46:25.597185","2026-02-18 12:46:25.597185"
4,"2023-12-06","D-39","GR14501","BASOOR=OMAN DRY DATES","GRADE 2","77517","9.00","7.000","63.00","Dry Dates","DRY DATES-GRADE 2","Savla","NAKHEEL","241.00","15183.00","2026-02-18 12:46:25.597185","2026-02-18 12:46:25.597185"
5,"2023-12-06","D-39","GR14501","BASOOR=OMAN DRY DATES","GRADE 2","77517","3.00","7.000","21.00","Dry Dates","DRY DATES-GRADE 2","Savla","NAKHEEL","241.00","5061.00","2026-02-18 12:46:25.597185","2026-02-18 12:46:25.597185"
6,"2023-12-25","D-39","GR15667","-","CUTT","79450","6.00","15.000","90.00","Dry Dates","Seedless Chopped Red Kharik Dry Dates","Savla","Local","250.00","22500.00","2026-02-18 12:46:25.597185","2026-02-18 12:46:25.597185"
7,"2024-03-27","D-39","GR21140","KALMI DATES","SAFAVI","90088","2.00","5.000","10.00","Premium Dates","Wet Dates Safavi","Savla","Local","550.00","5500.00","2026-02-18 12:46:25.597185","2026-02-18 12:46:25.597185"
8,"2024-03-27","D-39","GR21140","SAFAVI DATES","WHITE","90090","2.00","5.000","10.00","Premium Dates","Wet Dates Safavi","Savla","Local","550.00","5500.00","2026-02-18 12:46:25.597185","2026-02-18 12:46:25.597185"
9,"2024-03-30","D-39","GR21328","SAFAVI 5KG","ROYAL DELIGHT","90507","3.00","5.000","15.00","Premium Dates","Wet Dates Safavi","Savla","Local","550.00","8250.00","2026-02-18 12:46:25.597185","2026-02-18 12:46:25.597185"
10,"2024-05-30","D-514","GR1590","SAFAWI DATES BROWN BOX","-","71103","1.00","10.000","10.00","Premium Dates","Wet Dates Safavi","Savla","Local","550.00","5500.00","2026-02-18 12:46:25.597185","2026-02-18 12:46:25.597185"
11,"2024-05-30","D-514","GR1590","SAFAWI DATES","BROWN & WHITE","71102","1.00","20.000","20.00","Premium Dates","Wet Dates Safavi","Savla","Local","550.00","11000.00","2026-02-18 12:46:25.597185","2026-02-18 12:46:25.597185"
12,"2024-06-06","D-39","GR3498","BROWN","-","97941","1.00","10.896","11.00","Premium Dates","Wet Dates Deglet","Savla","Hadiklaim","522.00","5687.70","2026-02-18 12:46:25.597185","2026-02-18 12:46:25.597185"
13,"2024-06-12","D-514","GR1968","SAFAWI WHITE BOX","-","71480","1.00","10.000","10.00","Premium Dates","Wet Dates Safavi","Savla","Local","550.00","5500.00","2026-02-18 12:46:25.597185","2026-02-18 12:46:25.597185"
14,"2024-06-12","D-514","GR1968","SAFAWI WHITE","-","71478","1.00","20.000","20.00","Premium Dates","Wet Dates Safavi","Savla","Local","550.00","11000.00","2026-02-18 12:46:25.597185","2026-02-18 12:46:25.597185"
15,"2024-07-27","D-39","GR6534","WHITE","V-2","93289","114.00","10.000","1140.00","Date Powder","10KG AL BARAKAH DATE POWDER V2","Savla","AL BARAKAH","215.00","245100.00","2026-02-18 12:46:25.597185","2026-02-18 12:46:25.597185"
16,"2024-07-27","D-39","GR6534","WHITE","V-2","93289","77.00","10.000","770.00","Date Powder","10KG AL BARAKAH DATE POWDER V2","Savla","AL BARAKAH","215.00","165550.00","2026-02-18 12:46:25.597185","2026-02-18 12:46:25.597185"
17,"2024-09-27","D-39","GR10651","WHITE","-","110715","98.00","10.000","980.00","Dry Dates","AL BARAKAH CHOPPED DATES","Savla","AL BARAKAH","110.00","107800.00","2026-02-18 12:46:25.597185","2026-02-18 12:46:25.597185"
18,"2024-10-02","D-514","GR4752","ARSH SUKKARY PREMIUM","4.3 KG","75214","111.00","12.000","1332.00","Economical Dates","Wet Dates (Sukkary)","Savla","Local","350.00","466200.00","2026-02-18 12:46:25.597185","2026-02-18 12:46:25.597185"
19,"2024-10-02","D-514","GR4750","DEGLET NOUR BRANCHES","1299205412","75207","7.00","5.000","35.00","Premium Dates","Wet Dates Deglet","Savla","Hadiklaim","510.00","17850.00","2026-02-18 12:46:25.597185","2026-02-18 12:46:25.597185"
20,"2024-11-25","D-39","GR14538","SAAD/ BROWN","BLACK","121319","17.00","10.000","170.00","Economical Dates","AL BARAKAH LULU BLACK DATES-10KG","Savla","AL BARAKAH","182.00","30940.00","2026-02-18 12:46:25.597185","2026-02-18 12:46:25.597185"
21,"2024-12-01","D-39","GR14927","SAFAVI DATES","-","122342","3.00","20.000","60.00","Premium Dates","Wet Dates Safavi","Savla","Local","550.00","33000.00","2026-02-18 12:46:25.597185","2026-02-18 12:46:25.597185"
22,"2024-12-10","D-39","GR15535","DATE CRUSHED","WHITE","123526","60.00","10.000","600.00","Dry Dates","AL BARAKAH CRUSHED DATES 10KG","Savla","AL BARAKAH","116.60","69960.00","2026-02-18 12:46:25.597185","2026-02-18 12:46:25.597185"
23,"2024-12-10","D-39","GR15535","DATE POWDER V2","WHITE","123525","923.00","10.000","9230.00","Date Powder","10KG AL BARAKAH DATE POWDER V2","Savla","AL BARAKAH","215.00","1984450.00","2026-02-18 12:46:25.597185","2026-02-18 12:46:25.597185"
24,"2025-01-15","D-514","GR7072","SIFA  AJWA S","74229","79000","38.00","5.000","190.00","Premium Dates","Wet Dates Ajwa","Savla","Local","980.00","186200.00","2026-02-18 12:46:25.597185","2026-02-18 12:46:25.597185"
25,"2025-01-15","D-514","GR7072","SIAFA  AJWA G","74228","78999","59.00","5.000","295.00","Premium Dates","Wet Dates Ajwa","Savla","Local","980.00","289100.00","2026-02-18 12:46:25.597185","2026-02-18 12:46:25.597185"
26,"2025-01-24","D-39","GR18618","AL BARAKAH DATES","DATES POWDER","129815","866.00","10.000","8660.00","Date Powder","10KG AL BARAKAH DATE POWDER V1","Savla","AL BARAKAH","270.00","2338200.00","2026-02-18 12:46:25.597185","2026-02-18 12:46:25.597185"
27,"2025-02-10","D-514","GR7683","DATES WET MEDJOUL BABY","5KGX3","79912","9.00","15.000","135.00","Premium Dates","WET DATES MEDJOUL BULK MINI (5)","Savla","Hadiklaim","477.00","64395.00","2026-02-18 12:46:25.597185","2026-02-18 12:46:25.597185"
28,"2025-02-10","D-514","GR7683","DATE MEDJOUL KING SOLOMON","500 GM","79910","59.00","8.000","472.00","Premium Dates","WET DATES MEDJOUL BULK LARGE (5)","Savla","Hadiklaim","817.00","385624.00","2026-02-18 12:46:25.597185","2026-02-18 12:46:25.597185"
29,"2025-02-10","D-514","GR7683","DATE MEDJOUL KING SOLOMON","1 KG","79911","7.00","8.000","56.00","Premium Dates","WET DATES MEDJOUL JUMBO","Savla","Hadiklaim","1045.00","58520.00","2026-02-18 12:46:25.597185","2026-02-18 12:46:25.597185"
30,"2025-02-11","D-514","GR7699","MEDJOUL SUPER JUMBO","NO.2","79952","9.00","5.000","45.00","Premium Dates","Off-Grade Dates","Savla","Hadiklaim","1139.00","51255.00","2026-02-18 12:46:25.597185","2026-02-18 12:46:25.597185"
31,"2025-02-26","D-39","GR20724","-","KING SOLOMON","133830","119.00","10.000","1190.00","Premium Dates","King Solomon Medjoul Dates 500 Gms","Savla","Hadiklaim","817.00","972230.00","2026-02-18 12:46:25.597185","2026-02-18 12:46:25.597185"
32,"2025-02-28","D-39","GR20841","DEGLET NOUR BRANCHES","1299205412","133992","1.00","5.000","5.00","Premium Dates","Wet Dates Deglet","Savla","Hadiklaim","510.00","2550.00","2026-02-18 12:46:25.597185","2026-02-18 12:46:25.597185"
33,"2025-03-05","D-39","GR21205","AL-BARKAH DATE","-","134588","1592.00","10.000","15920.00","Date Powder","10KG AL BARAKAH DATE POWDER V1","Savla","AL BARAKAH","270.00","4298400.00","2026-02-18 12:46:25.597185","2026-02-18 12:46:25.597185"
34,"2025-03-05","D-39","GR21205","AL-BARKAH DATE","-","134588","102.00","10.000","1020.00","Date Powder","10KG AL BARAKAH DATE POWDER V1","Savla","AL BARAKAH","270.00","275400.00","2026-02-18 12:46:25.597185","2026-02-18 12:46:25.597185"
35,"2025-03-07","D-39","GR21347","AL BARAKAH","DATE POWDER","134869","370.00","10.000","3700.00","Date Powder","10KG AL BARAKAH DATE POWDER V1","Savla","AL BARAKAH","270.00","999000.00","2026-02-18 12:46:25.597185","2026-02-18 12:46:25.597185"
36,"2025-03-19","D-514","GR8554","MDJL LARGE","NO-2","81382","4.00","5.000","20.00","Premium Dates","Off-Grade Dates","Savla","Hadiklaim","200.00","4000.00","2026-02-18 12:46:25.597185","2026-02-18 12:46:25.597185"
37,"2025-03-21","D-514","GR8597","ROYAL DELIGHT","AJWA","81466","73.00","5.000","365.00","Premium Dates","Royal Delight Ajwa Dates 5 Kgs","Savla","Local","980.00","357700.00","2026-02-18 12:46:25.597185","2026-02-18 12:46:25.597185"
38,"2025-03-24","D-39","GR22314","AL BARAKAH","SAFAVI 500G","132065","3.00","10.000","30.00","Premium Dates","Al Barakaha Safavi Dates 500g","Savla","0","700.00","21000.00","2026-02-18 12:46:25.597185","2026-02-18 12:46:25.597185"
39,"2025-03-24","D-39","GR22314","RD SAFAVI","250GM","132067","17.00","5.000","85.00","Premium Dates","RD Safavi Dates 250g","Savla","Local","550.00","46750.00","2026-02-18 12:46:25.597185","2026-02-18 12:46:25.597185"
40,"2025-03-24","D-39","GR22314","ROYAL DELIGHT","ARABIAN 250G","132066","10.00","8.000","80.00","Economical Dates","Royal Delight Arabian 250gm","Savla","AL BARAKAH","116.00","9280.00","2026-02-18 12:46:25.597185","2026-02-18 12:46:25.597185"
41,"2025-03-31","D-514","GR8855","WANAN DATES","12.5 KG","81944","3.00","12.500","38.00","Organic Dates","Organic Wanan Premium Large","Savla","NAKHEEL","715.00","26812.50","2026-02-18 12:46:25.597185","2026-02-18 12:46:25.597185"
42,"2025-03-31","D-514","GR8855","SEQEE DATES","12.5 KG","81942","3.00","12.500","38.00","Organic Dates","Organic Seqee Premium Large","Savla","NAKHEEL","641.00","24037.50","2026-02-18 12:46:25.597185","2026-02-18 12:46:25.597185"
43,"2025-03-31","D-514","GR8855","SUKHARI BROWN BOX","1 KG","81934","1.00","10.000","10.00","Economical Dates","Wet Dates (Sukkary)","Savla","Local","350.00","3500.00","2026-02-18 12:46:25.597185","2026-02-18 12:46:25.597185"
44,"2025-03-31","D-514","GR8855","KHIDRI","12.5 KG","81943","1.00","12.500","13.00","Organic Dates","Organic Khidri Premium Medium","Savla","NAKHEEL","403.00","5037.50","2026-02-18 12:46:25.597185","2026-02-18 12:46:25.597185"
45,"2025-03-31","D-514","GR8855","DEGLET BROWN BOX","500 GM","81937","10.00","5.000","50.00","Premium Dates","Wet Dates Deglet","Savla","Hadiklaim","510.00","25500.00","2026-02-18 12:46:25.597185","2026-02-18 12:46:25.597185"
46,"2025-04-07","D-39","GR465","CRUSHED WHITE","-","138382","3.00","10.000","30.00","Dry Dates","AL BARAKAH CRUSHED DATES 10KG","Savla","AL BARAKAH","127.00","3810.00","2026-02-18 12:46:25.597185","2026-02-18 12:46:25.597185"
47,"2025-04-07","D-514","GR117","ORGANIC WANAN","PR.JUMBO","76578","11.00","12.500","138.00","Organic Dates","Organic Wanan Premium Jumbo","Savla","NAKHEEL","938.00","128975.00","2026-02-18 12:46:25.597185","2026-02-18 12:46:25.597185"
48,"2025-04-07","D-514","GR117","ORGANIC WANAN","PR.LARGE","76579","10.00","12.500","125.00","Organic Dates","Organic Wanan Premium Large","Savla","NAKHEEL","715.00","89375.00","2026-02-18 12:46:25.597185","2026-02-18 12:46:25.597185"
49,"2025-04-30","D-514","GR748","RABIA DETLAND DATES","-","2056","5.00","5.000","25.00","Economical Dates","Wet Dates (Rabia)","Savla","Local","187.50","4687.50","2026-02-18 12:46:25.597185","2026-02-18 12:46:25.597185"
50,"2025-05-16","D-39","GR3027","DATE POWDER","-","142972","50.00","10.000","500.00","Date Powder","10KG AL BARAKAH DATE POWDER V1","Savla","AL BARAKAH","270.00","135000.00","2026-02-18 12:46:25.597185","2026-02-18 12:46:25.597185"
51,"2025-06-29","D-39","GR5609","AL BARAKAH","MIX","147739","32.00","10.000","320.00","Date Powder","10KG AL BARAKAH DATE POWDER V1","Savla","AL BARAKAH","270.00","86400.00","2026-02-18 12:46:25.597185","2026-02-18 12:46:25.597185"
52,"2025-09-24","D-39","GR10777","AL BARAKAH","-","156985","1529.00","10.000","15290.00","Date Powder","10KG AL BARAKAH DATE POWDER V1","Savla","AL BARAKAH","280.00","4281200.00","2026-02-18 12:46:25.597185","2026-02-18 12:46:25.597185"
53,"2025-10-04","D-39","GR11598","AL BARAKAH","-","159001","49.00","10.000","490.00","Economical Dates","AL BARAKAH SAYER DATES 10KG","Savla","AL BARAKAH","99.00","48510.00","2026-02-18 12:46:25.597185","2026-02-18 12:46:25.597185"
54,"2025-10-16","D-514","GR5011","IRAN BAM MIX","-","8004","385.00","6.900","2657.00","Economical Dates","Wet Dates (Mazafati)","Savla","0","240.00","637560.00","2026-02-18 12:46:25.597185","2026-02-18 12:46:25.597185"
55,"2025-10-22","D-39","GR12815","AL BARAKAH","-","162607","0.00","12.500",NULL,"Date Paste","AL BARAKAH DATE PASTE 12.5KG","Savla","AL BARAKAH","85.00",NULL,"2026-02-18 12:46:25.597185","2026-02-18 12:46:25.597185"
56,"2025-11-04","D-39","GR13565","KIMIA GOLD","-","164985","342.00","6.800","2326.00","Economical Dates","Wet Dates (Mazafati)","Savla","0","200.00","465120.00","2026-02-18 12:46:25.597185","2026-02-18 12:46:25.597185"
57,"2025-11-19","D-514","GR5839","AJWA PREMIUM (JFD)8883","-","9620","5.00","5.000","25.00","Premium Dates","Wet Dates Ajwa","Savla","0","675.00","16875.00","2026-02-18 12:46:25.597185","2026-02-18 12:46:25.597185"
58,"2025-11-19","D-514","GR5839","AJWA REGULAR (JFD) 8884","-","9621","50.00","5.000","250.00","Premium Dates","Wet Dates Ajwa","Savla","0","675.00","168750.00","2026-02-18 12:46:25.597185","2026-02-18 12:46:25.597185"
59,"2025-11-20","D-39","GR14955","AL FAJR","LARGE PREMIUM","168296","143.00","5.000","715.00","Premium Dates","WET DATES MEDJOUL BULK LARGE (5)","Savla","Local","775.00","554125.00","2026-02-18 12:46:25.597185","2026-02-18 12:46:25.597185"
60,"2025-11-20","D-39","GR14954","ARWA GREEN","LARGE DELIGHT","168297","159.00","5.000","795.00","Premium Dates","WET DATES MEDJOUL BULK LARGE (5)","Savla","Local","775.00","616125.00","2026-02-18 12:46:25.597185","2026-02-18 12:46:25.597185"
61,"2025-12-13","D-514","GR6454","AJWA REGULAR [8884]","-","10798","15.00","5.000","75.00","Premium Dates","Wet Dates Ajwa","Savla","0","675.00","50625.00","2026-02-18 12:46:25.597185","2026-02-18 12:46:25.597185"
62,"2025-12-13","D-514","GR6454","SIAFA MABROOM REGUL.[8701]","-","10801","45.00","5.000","225.00","Premium Dates","Wet Dates (Mabroom)","Savla","0","800.00","180000.00","2026-02-18 12:46:25.597185","2026-02-18 12:46:25.597185"
63,"2026-01-05","D-39","GR18060","DATE SYRUP","AL BARKH","176393","465.00","25.000","11625.00","Date Syrup","25KG AL BARAKAH DATE SYRUP V1","Savla","AL BARAKAH","109.80","1276425.00","2026-02-18 12:46:25.597185","2026-02-18 12:46:25.597185"
64,"2026-01-05","D-39","GR18127","DATE SYRUP","-","176443","856.00","25.000","21400.00","Date Syrup","25KG AL BARAKAH DATE SYRUP V1","Savla","AL BARAKAH","109.80","2349720.00","2026-02-18 12:46:25.597185","2026-02-18 12:46:25.597185"
65,"2026-01-12","D-514","GR7119","AJWA WHITE BOX","-","12108","200.00","5.000","1000.00","Premium Dates","Wet Dates Ajwa","Savla","0","675.00","675000.00","2026-02-18 12:46:25.597185","2026-02-18 12:46:25.597185"
66,"2026-01-18","D-514","GR7275","SUPER SELECT SAFAWI","SP","12328","21.00","5.000","105.00","Premium Dates","Wet Dates Safavi","Savla","0","248.00","26040.00","2026-02-18 12:46:25.597185","2026-02-18 12:46:25.597185"
67,"2026-01-18","D-514","GR7275","SUPER SELECT AJWA","A","12325","916.00","5.000","4580.00","Premium Dates","Wet Dates Ajwa","Savla","0","248.00","1135840.00","2026-02-18 12:46:25.597185","2026-02-18 12:46:25.597185"
68,"2026-01-18","D-514","GR7275","SUPER SELECT SAFAWI","SS","12324","690.00","5.000","3450.00","Premium Dates","Wet Dates Safavi","Savla","0","435.00","1500750.00","2026-02-18 12:46:25.597185","2026-02-18 12:46:25.597185"
69,"2026-01-18","D-514","GR7275","SUPER SELECT SAFAWI","SS","12324","970.00","5.000","4850.00","Premium Dates","Wet Dates Safavi","Savla","0","435.00","2109750.00","2026-02-18 12:46:25.597185","2026-02-18 12:46:25.597185"
70,"2026-01-18","D-514","GR7275","AL BARAKH BUCKET","-","12323","384.00","25.000","9600.00","Date Syrup","25KG AL BARAKAH DATE SYRUP V1","Savla","AL BARAKAH","118.32","1135872.00","2026-02-18 12:46:25.597185","2026-02-18 12:46:25.597185"
71,"2026-01-18","D-39","GR18934","AL BARAKAH SYRUP","-","177987","1317.00","4.800","6322.00","Date Syrup","AL BARAKAH DATES SYRUP 400G","Savla","AL BARAKAH","343.20","2169573.10","2026-02-18 12:46:25.597185","2026-02-18 12:46:25.597185"
72,"2026-01-18","D-39","GR18934","AL BARAKAH DATE POWDER","-","177988","200.00","10.000","2000.00","Date Powder","10KG AL BARAKAH DATE POWDER V1","Savla","AL BARAKAH","280.00","560000.00","2026-02-18 12:46:25.597185","2026-02-18 12:46:25.597185"
73,"2026-01-18","D-39","GR18934","AL BARAKAH","PASTE","177986","211.00","12.500","2638.00","Date Paste","AL BARAKAH DATE PASTE 12.5KG","Savla","AL BARAKAH","85.00","224187.50","2026-02-18 12:46:25.597185","2026-02-18 12:46:25.597185"
74,"2026-01-19","D-39","GR18963","AL BARAKH SYRUP","400 GM","168714","19.00","4.800","91.00","Date Syrup","AL BARAKAH DATES SYRUP 400G","Savla","AL BARAKAH","343.20","31299.80","2026-02-18 12:46:25.597185","2026-02-18 12:46:25.597185"
75,"2026-01-29","D-514","GR7518","SAFAWI DATES(WHITE BOX )","-","12324","184.00","5.000","920.00","Premium Dates","Wet Dates Safavi","Savla","0","435.00","400200.00","2026-02-18 12:46:25.597185","2026-02-18 12:46:25.597185"
76,"2026-02-04","D-514","GR7675","MEDJOUL DATELAND (9970)","-","13039","118.00","5.000","590.00","Premium Dates","WET DATES MEDJOUL BULK MINI (5)","Savla","Local","675.00","398250.00","2026-02-18 12:46:25.597185","2026-02-18 12:46:25.597185"
77,"2026-02-16","D-39","GR20651","DATE SYRUP","AL-BARKH","176393","19.00","25.000","475.00","Date Syrup","25KG AL BARAKAH DATE SYRUP V1","Savla","AL BARAKAH","109.80","52155.00","2026-02-18 12:46:25.597185","2026-02-18 12:46:25.597185"
78,"2024-02-27","D-39","GR19491","ROASTED","A-185-RMSIZE6","86683","30.00","11.340","340.00","Macadamia","Macadamia Roasted - Size 6","Savla","0","900.00","306180.00","2026-02-18 12:46:25.597185","2026-02-18 12:46:25.597185"
79,"2024-02-28","D-39","GR19567","ROASTED NIS SAWN PASTE","A-185 RM","86838","12.00","12.000","144.00","Macadamia Paste","Macadamia Paste","Savla","0","1676.80","241459.20","2026-02-18 12:46:25.597185","2026-02-18 12:46:25.597185"
80,"2024-10-09","D-39","GR11739","WHOLE","APPLE INFUSED","113027","2.00","9.080","18.00","Blueberry","Dried Blueberry Apple Infused","Savla","Tajir","1270.00","23063.20","2026-02-18 12:46:25.597185","2026-02-18 12:46:25.597185"
81,"2024-10-26","D-39","GR12937","DRY ROASTED MACAAMIA","PASTE 2KG","109237","2.00","12.000","24.00","Macadamia Paste","Macadamia Paste","Savla","0","1676.80","40243.20","2026-02-18 12:46:25.597185","2026-02-18 12:46:25.597185"
82,"2024-11-08","D-514","GR5551","ORGANIC MEDJOUL","PR.LARGE","76581","7.00","5.000","35.00","Organic Dates","Organic Medjool Premium Large","Savla","NAKHEEL","730.00","25550.00","2026-02-18 12:46:25.597185","2026-02-18 12:46:25.597185"
83,"2024-11-08","D-514","GR5550","ORGANIC KHIDRI","PR.MEDIUM","76577","49.00","12.500","613.00","Organic Dates","Organic Khidri Premium Medium","Savla","NAKHEEL","403.00","246837.50","2026-02-18 12:46:25.597185","2026-02-18 12:46:25.597185"
84,"2024-11-08","D-514","GR5551","ORGANIC KHIDRI","PR.LARGE","76576","35.00","12.500","438.00","Organic Dates","Organic Khidri Large dates","Savla","NAKHEEL","462.00","202125.00","2026-02-18 12:46:25.597185","2026-02-18 12:46:25.597185"
85,"2024-11-14","D-514","GR5704","ORAGNIC KHIDRI","PR.MEDIUM","76577","38.00","12.500","475.00","Organic Dates","Organic Khidri Premium Medium","Savla","NAKHEEL","403.00","191425.00","2026-02-18 12:46:25.597185","2026-02-18 12:46:25.597185"
86,"2024-11-14","D-39","GR13889","MARAUIS","STYLE4 SALTED","119159","3.00","11.340","34.00","Macadamia","Macadamia Roasted Salted - Size 4","Savla","0","1277.00","43443.50","2026-02-18 12:46:25.597185","2026-02-18 12:46:25.597185"
87,"2024-11-16","D-514","GR5739","ORAGNIC SEQCE LARGE","LARGE","76870","1.00","12.500","13.00","Organic Dates","Organic Seqee Premium Large","Savla","NAKHEEL","641.00","8012.50","2026-02-18 12:46:25.597185","2026-02-18 12:46:25.597185"
88,"2024-11-27","D-514","GR5973","ORGANIC KHIDRI LARGE","-","77155","2.00","12.500","25.00","Organic Dates","Organic Khidri Large dates","Savla","NAKHEEL","462.00","11550.00","2026-02-18 12:46:25.597185","2026-02-18 12:46:25.597185"
89,"2024-11-27","D-514","GR5973","ORGANIC KHIDRI MEDIUM","-","77154","1.00","12.500","13.00","Organic Dates","Organic Khidri Premium Medium","Savla","NAKHEEL","403.00","5037.50","2026-02-18 12:46:25.597185","2026-02-18 12:46:25.597185"
90,"2024-12-01","D-514","GR6074","ORGANIC SEQEE","PREMIUM LARGE","76583","1.00","12.500","13.00","Organic Dates","Organic Seqee Premium Large","Savla","NAKHEEL","641.00","8012.50","2026-02-18 12:46:25.597185","2026-02-18 12:46:25.597185"
91,"2024-12-01","D-514","GR6074","ORGANIC AJWA","PR. JUMBO","76868","1.00","5.000","5.00","Organic Dates","Organic Ajwa Premium Large","Savla","NAKHEEL","789.00","3945.00","2026-02-18 12:46:25.597185","2026-02-18 12:46:25.597185"
92,"2024-12-04","D-39","GR15092","WHOLE","APPLE INFUSEL","113027","6.00","9.080","54.00","Blueberry","Dried Blueberry Apple Infused","Savla","Tajir","1270.00","69189.60","2026-02-18 12:46:25.597185","2026-02-18 12:46:25.597185"
93,"2025-01-20","D-39","GR18282","BROWN","SRK-100-99","129048","14.00","15.000","210.00","Raisins","Indian Green Raisins","Savla","0","295.00","61950.00","2026-02-18 12:46:25.597185","2026-02-18 12:46:25.597185"
94,"2025-01-28","D-39","GR18832","SRK-24","-","130273","11.00","15.000","165.00","Raisins","Indian Green Raisins","Savla","0","295.00","48675.00","2026-02-18 12:46:25.597185","2026-02-18 12:46:25.597185"
95,"2025-02-02","D-39","GR19184","KING SALOMONS","502461345","130939","4.00","5.000","20.00","Premium Dates","Medjoul Dates Medium","Savla","Hadiklaim","712.00","14240.00","2026-02-18 12:46:25.597185","2026-02-18 12:46:25.597185"
96,"2025-02-27","D-39","GR20770","SGPC BROWN BOX","EX LARGE","133878","29.00","13.600","394.00","Pecan Nut","Pecan Nuts","Savla","0","1380.00","544272.00","2026-02-18 12:46:25.597185","2026-02-18 12:46:25.597185"
97,"2025-03-04","D-39","GR21100","SOUTH GEORGIA","LARGE","134478","5.00","13.600","68.00","Pecan Nut","Pecan Nuts","Savla","0","1380.00","93840.00","2026-02-18 12:46:25.597185","2026-02-18 12:46:25.597185"
98,"2025-03-07","D-39","GR21313","SOUTH GEORGIA","-","134856","5.00","13.600","68.00","Pecan Nut","Pecan Nuts","Savla","0","1380.00","93840.00","2026-02-18 12:46:25.597185","2026-02-18 12:46:25.597185"
99,"2025-03-19","D-514","GR8551","ORGANIC KHUDRI BROWN BOX","12 KG","81383","6.00","12.500","75.00","Organic Dates","Organic Khidri Large dates","Savla","NAKHEEL","462.00","34650.00","2026-02-18 12:46:25.597185","2026-02-18 12:46:25.597185"
100,"2025-03-20","D-39","GR22089","SRK-28","-","136258","5.00","15.000","75.00","Raisins","Indian Green Raisins","Savla","0","295.00","22125.00","2026-02-18 12:46:25.597185","2026-02-18 12:46:25.597185"
101,"2025-03-29","D-39","GR22729","MARQUIS STYLE 4L COOKED P","-","137391","46.00","11.340","522.00","Macadamia","Macadamia Roasted - Size 4L","Savla","0","1290.00","672915.60","2026-02-18 12:46:25.597185","2026-02-18 12:46:25.597185"
102,"2025-04-17","D-39","GR1178","MEHMET","200 GM","139652","0.00","0.000",NULL,"0","0","0","0","0.00",NULL,"2026-02-18 12:46:25.597185","2026-02-18 12:46:25.597185"
103,"2025-04-23","D-39","GR1601","DOST","6-8 MM","140344","18.00","10.000","180.00","Hazelnut","Hazelnut Kernal","Savla","0","1060.00","190800.00","2026-02-18 12:46:25.597185","2026-02-18 12:46:25.597185"
104,"2025-04-30","D-514","GR747","KHIDRI LARGE ORGANIC","1 KG","2057","1.00","8.000","8.00","Organic Dates","Organic Khidri Large dates","Savla","NAKHEEL","462.00","3696.00","2026-02-18 12:46:25.597185","2026-02-18 12:46:25.597185"
105,"2025-04-30","D-514","GR747","ORGANIC WANAN LARGE","1 KG","2059","1.00","12.000","12.00","Organic Dates","Organic Wanan Premium Large","Savla","NAKHEEL","715.00","8580.00","2026-02-18 12:46:25.597185","2026-02-18 12:46:25.597185"
106,"2025-04-30","D-514","GR747","ORGANIC SEQEE LARGE","1 KG","2058","1.00","12.000","12.00","Organic Dates","Organic Seqee Premium Large","Savla","NAKHEEL","641.00","7692.00","2026-02-18 12:46:25.597185","2026-02-18 12:46:25.597185"
107,"2025-04-30","D-514","GR747","KHUDRI LARGE","1 KG","2060","1.00","16.000","16.00","Organic Dates","Organic Khidri Large dates","Savla","NAKHEEL","462.00","7392.00","2026-02-18 12:46:25.597185","2026-02-18 12:46:25.597185"
108,"2025-06-12","D-39","GR4381","BOB-68-13","-","141756","11.00","15.000","165.00","Raisins","Indian Green Raisins","Savla","0","288.00","47520.00","2026-02-18 12:46:25.597185","2026-02-18 12:46:25.597185"
109,"2025-07-16","D-514","GR2804","DEGLET NOOR","552420399","4523","36.00","5.000","180.00","Premium Dates","Deglet Dates","Savla","Hadiklaim","510.00","91800.00","2026-02-18 12:46:25.597185","2026-02-18 12:46:25.597185"
110,"2025-07-18","D-39","GR6846","FANCY DRY ROASTED","SGP -BROWN","149845","6.00","13.600","82.00","Pecan Nut","Pecan Nuts","Savla","0","1380.00","112608.00","2026-02-18 12:46:25.597185","2026-02-18 12:46:25.597185"
111,"2025-07-24","D-514","GR3016","MEDJOUL MIX","NO-2","4905","118.00","5.000","590.00","Premium Dates","Off-Grade Dates","Savla","0","200.00","118000.00","2026-02-18 12:46:25.597185","2026-02-18 12:46:25.597185"
112,"2025-07-29","D-39","GR7485","MARQUIS SAWN 22+SP","-","150930","44.00","10.000","440.00","Macadamia","Macadamia Vanilla Whole - 320* Cut","Savla","0","625.00","275000.00","2026-02-18 12:46:25.597185","2026-02-18 12:46:25.597185"
113,"2025-07-30","D-39","GR7579","STYLE 4 L COOKED P","-","151105","4.00","11.340","45.00","Macadamia","Macadamia Roasted Salted - Size 4","Savla","0","1500.00","68040.00","2026-02-18 12:46:25.597185","2026-02-18 12:46:25.597185"
114,"2025-08-04","D-39","GR7901","DRY ROAST","STYLE -6","151709","1.00","11.340","11.00","Macadamia","Macadamia Roasted - Size 6","Savla","0","900.00","10206.00","2026-02-18 12:46:25.597185","2026-02-18 12:46:25.597185"
115,"2025-08-05","D-39","GR7967","MEDURI","WHOLE","151836","6.00","4.540","27.00","Cranberry","Dried Cranberry Whole","Savla","Tajir","890.00","24243.60","2026-02-18 12:46:25.597185","2026-02-18 12:46:25.597185"
116,"2025-08-26","D-39","GR9080","-","0 L","153333","3.00","11.340","34.00","Macadamia","Macadamia Roasted - Size 0","Savla","0","1790.00","60895.80","2026-02-18 12:46:25.597185","2026-02-18 12:46:25.597185"
117,"2025-09-29","D-514","GR4577","DEGL.NOOR BRANCH(6903","502420403","7232","198.00","5.000","990.00","Premium Dates","Deglet Dates","Savla","Hadiklaim","527.00","521730.00","2026-02-18 12:46:25.597185","2026-02-18 12:46:25.597185"
118,"2025-09-29","D-514","GR4577","DEGL.NOOR BRANCH(6902","552420400","7231","198.00","5.000","990.00","Premium Dates","Deglet Dates","Savla","Hadiklaim","527.00","521730.00","2026-02-18 12:46:25.597185","2026-02-18 12:46:25.597185"
119,"2025-10-09","D-39","GR11994","MEDURI","WHOLE 090191","160135","30.00","4.540","136.00","Cranberry","Dried Cranberry Whole","Savla","Tajir","890.00","121218.00","2026-02-18 12:46:25.597185","2026-02-18 12:46:25.597185"
120,"2025-10-10","D-514","GR4846","MEDJOUL NO-2","MIX","7760","249.00","5.000","1245.00","Premium Dates","Off-Grade Dates","Savla","0","200.00","249000.00","2026-02-18 12:46:25.597185","2026-02-18 12:46:25.597185"
121,"2025-10-20","D-39","GR12735","GDT-26","-","162411","6.00","15.000","90.00","Raisins","Indian Green Raisins","Savla","0","420.00","37800.00","2026-02-18 12:46:25.597185","2026-02-18 12:46:25.597185"
122,"2025-10-28","D-39","GR13070","ORGANIK LARGE","-","162095","723.00","5.000","3615.00","Organic Dates","Aldaka Medjoul Large","Savla","NAKHEEL","900.77","3256283.60","2026-02-18 12:46:25.597185","2026-02-18 12:46:25.597185"
123,"2025-10-28","D-39","GR13070","ORGANIK JUMBO","-","162094","680.00","5.000","3400.00","Organic Dates","Aldaka Medjoul Jumbo","Savla","NAKHEEL","1089.42","3704028.00","2026-02-18 12:46:25.597185","2026-02-18 12:46:25.597185"
124,"2025-10-29","D-39","GR13135","ORGANIK LARGE","-","162095","16.00","5.000","80.00","Organic Dates","Aldaka Medjoul Large","Savla","NAKHEEL","900.77","72061.60","2026-02-18 12:46:25.597185","2026-02-18 12:46:25.597185"
125,"2025-11-03","D-39","GR13525","MARQUIS","STYLE SAWN 22","164947","4.00","10.000","40.00","Macadamia","Macadamia Vanilla Whole - 320* Cut","Savla","0","625.00","25000.00","2026-02-18 12:46:25.597185","2026-02-18 12:46:25.597185"
126,"2025-11-08","D-39","GR13952","KING SALOMAN JUNR JTC","502556537","165912","10.00","5.000","50.00","Premium Dates","Medjoul Dates Junior","Savla","Hadiklaim","613.00","30650.00","2026-02-18 12:46:25.597185","2026-02-18 12:46:25.597185"
127,"2025-11-15","D-514","GR5756","ORAGANIC SEQCE LARGE","-","9498","23.00","5.000","115.00","Organic Dates","Organic Seqee Premium Large","Savla","NAKHEEL","565.00","64975.00","2026-02-18 12:46:25.597185","2026-02-18 12:46:25.597185"
128,"2025-11-15","D-514","GR5756","ORAGANIC WANUN JUMBO","-","9497","79.00","5.000","395.00","Organic Dates","Organic Wanan Premium Jumbo","Savla","NAKHEEL","845.00","333775.00","2026-02-18 12:46:25.597185","2026-02-18 12:46:25.597185"
129,"2025-11-15","D-514","GR5756","WANUN LARGE ORGANIC","-","9496","45.00","5.000","225.00","Organic Dates","Organic Wanan Premium Large","Savla","NAKHEEL","635.00","142875.00","2026-02-18 12:46:25.597185","2026-02-18 12:46:25.597185"
130,"2025-11-15","D-514","GR5756","ORGANIC KHIDRI S JUMBO","-","9495","73.00","5.000","365.00","Organic Dates","Organic Khidri Special Jumbo","Savla","NAKHEEL","732.00","267180.00","2026-02-18 12:46:25.597185","2026-02-18 12:46:25.597185"
131,"2025-11-15","D-39","GR14575","AL BARAKAH KHALAS","VR","167587","500.00","10.000","5000.00","Economical Dates","AL BARAKAH KHALAS DATES","Savla","AL BARAKAH","116.00","580000.00","2026-02-18 12:46:25.597185","2026-02-18 12:46:25.597185"
132,"2025-11-18","D-39","GR14753","MACADAMIA NUT K STYLE 1 L","-","167919","85.00","11.340","964.00","Macadamia","Macadamia Roasted - Size 1","Savla","0","1820.30","1754587.20","2026-02-18 12:46:25.597185","2026-02-18 12:46:25.597185"
133,"2025-11-18","D-39","GR14753","MACADAMIA NUT K STYLE 0","-","167920","149.00","11.340","1690.00","Macadamia","Macadamia Roasted - Size 0","Savla","0","1964.45","3319252.60","2026-02-18 12:46:25.597185","2026-02-18 12:46:25.597185"
134,"2025-11-18","D-39","GR14754","MACADAMIA MILK CHOCLATE","-","167915","54.00","7.500","405.00","Macadamia","Macadamia Nut Milk Chocolate","Savla","0","2859.54","1158113.70","2026-02-18 12:46:25.597185","2026-02-18 12:46:25.597185"
135,"2025-11-18","D-39","GR14754","MACADAMIA DARK CHOLTES","-","167916","54.00","7.500","405.00","Macadamia","Macadamia Nut Dark Chocolate","Savla","0","2859.54","1158113.70","2026-02-18 12:46:25.597185","2026-02-18 12:46:25.597185"
136,"2025-11-18","D-39","GR14754","HONEY ROASTED MACADAMIA","-","167917","40.00","10.000","400.00","Macadamia","Macadamia Nut Honey Roasted","Savla","0","2461.79","984716.00","2026-02-18 12:46:25.597185","2026-02-18 12:46:25.597185"
137,"2025-11-18","D-39","GR14754","SWEET CHIILI MACA MIA NUTS","-","167918","40.00","10.000","400.00","Macadamia","Macadamia Nut Sweet Chilli","Savla","0","2461.79","984716.00","2026-02-18 12:46:25.597185","2026-02-18 12:46:25.597185"
138,"2025-11-20","D-39","GR15015","-","SLICE","168348","57.00","11.340","646.00","Cranberry","Dried Cranberry Sliced","Savla","Tajir","365.00","235928.70","2026-02-18 12:46:25.597185","2026-02-18 12:46:25.597185"
139,"2025-11-25","D-514","GR6001","DEGHLET","-","9976","10.00","5.000","50.00","Premium Dates","Deglet Dates","Savla","Hadiklaim","527.00","26350.00","2026-02-18 12:46:25.597185","2026-02-18 12:46:25.597185"
140,"2025-11-25","D-514","GR5992","MDJL SUP JUMBO PR 9400","5025615467","9896","39.00","5.000","195.00","Premium Dates","Medjoul Dates Super Jumbo","Savla","Hadiklaim","1127.00","219765.00","2026-02-18 12:46:25.597185","2026-02-18 12:46:25.597185"
141,"2025-11-25","D-514","GR6001","ORIENTAL","-","9977","24.00","5.000","120.00","Economical Dates","Deri Dates","Savla","Hadiklaim","303.00","36360.00","2026-02-18 12:46:25.597185","2026-02-18 12:46:25.597185"
142,"2025-12-04","D-514","GR6226","MEDJOUL MIX BOX","-","10470","47.00","5.000","235.00","Premium Dates","WET DATES MEDJOUL BULK LARGE (5)","Savla","Hadiklaim","860.00","202100.00","2026-02-18 12:46:25.597185","2026-02-18 12:46:25.597185"
143,"2025-12-06","D-514","GR6286","MEDJOUL LARGE","HM","10570","10.00","5.000","50.00","Premium Dates","Medjoul Large","Savla","Hadiklaim","860.00","43000.00","2026-02-18 12:46:25.597185","2026-02-18 12:46:25.597185"
144,"2025-12-09","D-514","GR6353","BROWN BOX","-","10665","2.00","10.000","20.00","Macadamia","Macadamia Roasted - Size 6","Savla","0","900.00","18000.00","2026-02-18 12:46:25.597185","2026-02-18 12:46:25.597185"
145,"2025-12-20","D-39","GR17097","SAAD CREAM PREMIUM","KHALAS-LI","174028","73.00","10.000","730.00","Economical Dates","AL BARAKAH KHALAS DATES","Savla","AL BARAKAH","116.00","84680.00","2026-02-18 12:46:25.597185","2026-02-18 12:46:25.597185"
146,"2025-12-20","D-514","GR6624","MANIK WHITE(9524)","NB 777","11204","191.00","16.000","3056.00","Raisins","Afghan Black Raisins Seedless 1*2","Savla","0","370.00","1130720.00","2026-02-18 12:46:25.597185","2026-02-18 12:46:25.597185"
147,"2025-12-30","D-39","GR17727","MEDURI CRANBERRY  WHOLE","-","175580","100.00","4.540","454.00","Cranberry","Dried Cranberry Whole","Savla","Tajir","890.00","404060.00","2026-02-18 12:46:25.597185","2026-02-18 12:46:25.597185"
148,"2026-01-04","D-39","GR18051","SUPER JUMBO","502563489","176274","207.00","5.000","1035.00","Premium Dates","Medjoul Dates Super Jumbo","Savla","Hadiklaim","1140.00","1179900.00","2026-02-18 12:46:25.597185","2026-02-18 12:46:25.597185"
149,"2026-01-04","D-39","GR18051","SUPER JUMBO","502563490","176267","103.00","5.000","515.00","Premium Dates","Medjoul Dates Super Jumbo","Savla","Hadiklaim","1140.00","587100.00","2026-02-18 12:46:25.597185","2026-02-18 12:46:25.597185"
150,"2026-01-08","D-39","GR18320","NUTHILL","ARA","176905","54.00","5.000","270.00","Pistachios","Pista Kernel","Savla","0","1904.76","514285.20","2026-02-18 12:46:25.597185","2026-02-18 12:46:25.597185"
151,"2026-01-09","D-514","GR7065","BROWN BOX MDJL BOB BON","4KGX2","11992","11.00","7.000","77.00","Premium Dates","Medjoul Dates Premium Bon Bon","Savla","0","1425.00","109725.00","2026-02-18 12:46:25.597185","2026-02-18 12:46:25.597185"
152,"2026-01-10","D-39","GR18430","OCEAN SPRAY WHOLE","WHOLE","176901","251.00","11.340","2846.00","Cranberry","Dried Cranberry Whole","Savla","0","415.00","1181231.10","2026-02-18 12:46:25.597185","2026-02-18 12:46:25.597185"
153,"2026-01-11","D-514","GR7106","MEDJOUL SUPER JUMBO","1350205472","12076","208.00","5.000","1040.00","Premium Dates","Medjoul Dates Super Jumbo","Savla","Hadiklaim","1152.00","1198080.00","2026-02-18 12:46:25.597185","2026-02-18 12:46:25.597185"
154,"2026-01-11","D-514","GR7106","MEDJOUL SUPER JUMBO","1350205472.","12077","207.00","5.000","1035.00","Premium Dates","Medjoul Dates Super Jumbo","Savla","Hadiklaim","1152.00","1192320.00","2026-02-18 12:46:25.597185","2026-02-18 12:46:25.597185"
155,"2026-01-14","D-39","GR18736","ROASST SALTED INSHELL","-","177605","24.00","10.000","240.00","Macadamia","MACADAMIA NIS - ROASTED SEA SALT","Savla","Crestnut","910.00","218400.00","2026-02-18 12:46:25.597185","2026-02-18 12:46:25.597185"
156,"2026-01-14","D-39","GR18736","ROSEMARY & SEA SALL","B111","177604","24.00","10.000","240.00","Macadamia","MACADAMIA ROSEMARY & SEA SALT","Savla","Crestnut","1785.00","428400.00","2026-02-18 12:46:25.597185","2026-02-18 12:46:25.597185"
157,"2026-01-14","D-39","GR18736","WASABI KERNAL","B105","177603","24.00","10.000","240.00","Macadamia","WASABI MACADAMIA STYLE 4","Savla","Crestnut","1785.00","428400.00","2026-02-18 12:46:25.597185","2026-02-18 12:46:25.597185"
158,"2026-01-14","D-39","GR18736","FINGERLINE JALAPENO","B119","177602","25.00","10.000","250.00","Macadamia","MACADAMIA FINGER LIME & JALAPENO","Savla","Crestnut","1785.00","446250.00","2026-02-18 12:46:25.597185","2026-02-18 12:46:25.597185"
159,"2026-01-15","D-39","GR18760","CALIFORNIA PISTACHIOS","25# JTC","177590","94.00","11.340","1066.00","Pistachios","California Pista Inshell","Savla","JTC","1040.00","1108598.40","2026-02-18 12:46:25.597185","2026-02-18 12:46:25.597185"
160,"2026-01-15","D-39","GR18760","WHITE BAG BLACK PATTI","26-28 JTC","177591","117.00","50.000","5850.00","Pistachios","Pista Inshell Iranian 26-28","Savla","JTC","1000.00","5850000.00","2026-02-18 12:46:25.597185","2026-02-18 12:46:25.597185"
161,"2026-01-15","D-39","GR18760","WHITE BAG BLACK PATTI","26-28 JTC","177591","68.00","50.000","3400.00","Pistachios","Pista Inshell Iranian 26-28","Savla","JTC","1000.00","3400000.00","2026-02-18 12:46:25.597185","2026-02-18 12:46:25.597185"
162,"2026-01-15","D-39","GR18760","CALIFORNIA PISTACHIOS","25# JTC","177590","108.00","11.340","1225.00","Pistachios","California Pista Inshell","Savla","JTC","1040.00","1273708.80","2026-02-18 12:46:25.597185","2026-02-18 12:46:25.597185"
163,"2026-01-15","D-39","GR18760","CALIFORNIA PISTACHIOS","25# JTC","177590","77.00","11.340","873.00","Pistachios","California Pista Inshell","Savla","JTC","1040.00","908107.20","2026-02-18 12:46:25.597185","2026-02-18 12:46:25.597185"
164,"2026-01-15","D-39","GR18760","CALIFORNIA PISTACHIOS","25# JTC","177590","81.00","11.340","919.00","Pistachios","California Pista Inshell","Savla","JTC","1040.00","955281.60","2026-02-18 12:46:25.597185","2026-02-18 12:46:25.597185"
165,"2026-01-15","D-39","GR18760","CALIFORNIA PISTACHIOS","25# JTC","177590","77.00","11.340","873.00","Pistachios","California Pista Inshell","Savla","JTC","1040.00","908107.20","2026-02-18 12:46:25.597185","2026-02-18 12:46:25.597185"
166,"2026-01-15","D-39","GR18760","CALIFORNIA PISTACHIOS","25# JTC","177590","86.00","11.340","975.00","Pistachios","California Pista Inshell","Savla","JTC","1040.00","1014249.60","2026-02-18 12:46:25.597185","2026-02-18 12:46:25.597185"
167,"2026-01-15","D-39","GR18760","CALIFORNIA PISTACHIOS","25# JTC","177590","77.00","11.340","873.00","Pistachios","California Pista Inshell","Savla","JTC","1040.00","908107.20","2026-02-18 12:46:25.597185","2026-02-18 12:46:25.597185"
168,"2026-01-16","D-39","GR18828","AMERILAN","SLICED","177834","4.00","11.340","45.00","Cranberry","Dried Cranberry Sliced","Savla","0","340.00","15422.40","2026-02-18 12:46:25.597185","2026-02-18 12:46:25.597185"
169,"2026-01-16","D-39","GR18828","CARTER","SHELLED","177832","59.00","13.510","797.00","Pecan Nut","Pecan Nuts","Savla","0","1425.00","1135853.30","2026-02-18 12:46:25.597185","2026-02-18 12:46:25.597185"
170,"2026-01-18","D-39","GR18900","OCEANSPRAY WH98008","-","177973","300.00","11.340","3402.00","Cranberry","Dried Cranberry Whole","Savla","0","415.00","1411830.00","2026-02-18 12:46:25.597185","2026-02-18 12:46:25.597185"
171,"2026-01-19","D-39","GR18995","OCEANSPRAY","SLICE","178086","400.00","11.340","4536.00","Cranberry","Dried Cranberry Whole","Savla","0","425.00","1927800.00","2026-02-18 12:46:25.597185","2026-02-18 12:46:25.597185"
172,"2026-01-20","D-514","GR7309","ORIENTAL DATE BROWN BOX","250 GM","12392","5.00","5.000","25.00","Economical Dates","King Solomon Oriental Dates 250g","Savla","Hadiklaim","340.00","8500.00","2026-02-18 12:46:25.597185","2026-02-18 12:46:25.597185"
173,"2026-01-27","D-514","GR7474","MDJL LARGE","602504579","10570","50.00","5.000","250.00","Premium Dates","Medjoul Large","Savla","Hadiklaim","860.00","215000.00","2026-02-18 12:46:25.597185","2026-02-18 12:46:25.597185"
174,"2026-01-27","D-39","GR19424","CEAN-SPRAY","SLICE","164028","27.00","11.340","306.00","Cranberry","Cranberry Slice Apple Infused","Savla","Tajir","470.00","143904.60","2026-02-18 12:46:25.597185","2026-02-18 12:46:25.597185"
175,"2026-01-31","D-39","GR19678","OCEANS PRAY","WHOLE","179566","856.00","11.340","9707.00","Cranberry","Dried Cranberry Whole","Savla","Tajir","425.00","4125492.00","2026-02-18 12:46:25.597185","2026-02-18 12:46:25.597185"
176,"2026-02-03","D-39","GR19830","442500874","LARGE PREMIUM","179931","208.00","5.000","1040.00","Premium Dates","Medjoul Dates Large","Savla","Hadiklaim","871.20","906048.00","2026-02-18 12:46:25.597185","2026-02-18 12:46:25.597185"
177,"2026-02-03","D-39","GR19830","4425800881","LARGE PREMIUM","179932","208.00","5.000","1040.00","Premium Dates","Medjoul Dates Large","Savla","Hadiklaim","871.20","906048.00","2026-02-18 12:46:25.597185","2026-02-18 12:46:25.597185"
178,"2026-02-03","D-39","GR19830","442501138","LARGE PREMIUM","179934","208.00","5.000","1040.00","Premium Dates","Medjoul Dates Large","Savla","Hadiklaim","871.20","906048.00","2026-02-18 12:46:25.597185","2026-02-18 12:46:25.597185"
179,"2026-02-03","D-39","GR19830","602815562","MEDIUM PREMIU","179935","78.00","5.000","390.00","Premium Dates","Medjoul Dates Medium","Savla","Hadiklaim","753.28","293779.20","2026-02-18 12:46:25.597185","2026-02-18 12:46:25.597185"
180,"2026-02-03","D-39","GR19830","562572313","MEDIUM PREMIU","179963","128.00","5.000","640.00","Premium Dates","Medjoul Dates Medium","Savla","Hadiklaim","753.28","482099.20","2026-02-18 12:46:25.597185","2026-02-18 12:46:25.597185"
181,"2026-02-03","D-514","GR7640","MEDJOUL MEDIUM","500 GM","12977","12.00","8.000","96.00","Premium Dates","King Solomon Medjoul Dates Medium 500g","Savla","Hadiklaim","850.00","81600.00","2026-02-18 12:46:25.597185","2026-02-18 12:46:25.597185"
182,"2026-02-03","D-514","GR7640","MEDJOUL JUNIOR","500 GM","12979","8.00","8.000","64.00","Premium Dates","King Solomon Medjoul Junior 500g","Savla","Hadiklaim","700.00","44800.00","2026-02-18 12:46:25.597185","2026-02-18 12:46:25.597185"
183,"2026-02-03","D-39","GR19837","AMERICAN-CARTER MIX BOX","-","179980","7.00","13.600","95.00","Pecan Nut","Pecan Nuts","Savla","0","1425.00","135660.00","2026-02-18 12:46:25.597185","2026-02-18 12:46:25.597185"
184,"2026-02-03","D-39","GR19830","602514203","S J PREMIUM","179917","208.00","5.000","1040.00","Premium Dates","Medjoul Dates Super Jumbo","Savla","Hadiklaim","1152.00","1198080.00","2026-02-18 12:46:25.597185","2026-02-18 12:46:25.597185"
185,"2026-02-03","D-39","GR19830","672526173","DERI ORIENTAL","179919","108.00","5.000","540.00","Economical Dates","Deri Dates","Savla","Hadiklaim","303.00","163620.00","2026-02-18 12:46:25.597185","2026-02-18 12:46:25.597185"
186,"2026-02-03","D-39","GR19830","442500878","LARGE PREMIUM","179921","77.00","5.000","385.00","Premium Dates","Medjoul Dates Large","Savla","Hadiklaim","871.20","335412.00","2026-02-18 12:46:25.597185","2026-02-18 12:46:25.597185"
187,"2026-02-03","D-39","GR19830","602514202","S J PREMIUM","179923","208.00","5.000","1040.00","Premium Dates","Medjoul Dates Super Jumbo","Savla","Hadiklaim","1152.00","1198080.00","2026-02-18 12:46:25.597185","2026-02-18 12:46:25.597185"
188,"2026-02-03","D-39","GR19830","672526172","DERI ORIENTAL","179924","196.00","5.000","980.00","Economical Dates","Deri Dates","Savla","Hadiklaim","303.00","296940.00","2026-02-18 12:46:25.597185","2026-02-18 12:46:25.597185"
189,"2026-02-03","D-39","GR19830","602503294","MEDIUM PREMIU","179927","184.00","5.000","920.00","Premium Dates","Medjoul Dates Medium","Savla","Hadiklaim","753.28","693017.60","2026-02-18 12:46:25.597185","2026-02-18 12:46:25.597185"
190,"2026-02-03","D-39","GR19830","442500884","LARGE PREMIUM","179928","116.00","5.000","580.00","Premium Dates","Medjoul Dates Large","Savla","Hadiklaim","871.20","505296.00","2026-02-18 12:46:25.597185","2026-02-18 12:46:25.597185"
191,"2026-02-03","D-39","GR19830","442500930","LARGE PREMIUM","179929","208.00","5.000","1040.00","Premium Dates","Medjoul Dates Large","Savla","Hadiklaim","871.20","906048.00","2026-02-18 12:46:25.597185","2026-02-18 12:46:25.597185"
192,"2026-02-03","D-39","GR19830","442500872","LARGE PREMIUM","179930","208.00","5.000","1040.00","Premium Dates","Medjoul Dates Large","Savla","Hadiklaim","871.20","906048.00","2026-02-18 12:46:25.597185","2026-02-18 12:46:25.597185"
193,"2026-02-04","D-39","GR19922","BROWN","MIDGET","180127","33.00","20.000","660.00","Brazil Nut","Brazil Nut","Savla","0","2401.00","1584660.00","2026-02-18 12:46:25.597185","2026-02-18 12:46:25.597185"
194,"2026-02-04","D-39","GR19922","BROWN","12 KG","180126","399.00","11.340","4525.00","Cranberry","Dried Cranberry Whole","Savla","0","345.00","1561007.70","2026-02-18 12:46:25.597185","2026-02-18 12:46:25.597185"
195,"2026-02-04","D-39","GR19922","CARTER PECAN","12KG","180125","119.00","13.600","1618.00","Pecan Nut","Pecan Nuts","Savla","0","1425.00","2306220.00","2026-02-18 12:46:25.597185","2026-02-18 12:46:25.597185"
196,"2026-02-06","D-514","GR7723","MEDJOUL JUMBO","1350905471","13113","210.00","5.000","1050.00","Premium Dates","MEDJOUL DATES JUMBO","Savla","Hadiklaim","1057.00","1109850.00","2026-02-18 12:46:25.597185","2026-02-18 12:46:25.597185"
197,"2026-02-06","D-39","GR20053","MED.LARGE PREMIUM","602514556","180374","210.00","5.000","1050.00","Premium Dates","Medjoul Dates Large","Savla","Hadiklaim","871.20","914760.00","2026-02-18 12:46:25.597185","2026-02-18 12:46:25.597185"
198,"2026-02-06","D-39","GR20053","MED. JUMBO PREMIUM","672526097","180375","209.00","5.000","1045.00","Premium Dates","MEDJOUL DATES JUMBO","Savla","Hadiklaim","1057.00","1104565.00","2026-02-18 12:46:25.597185","2026-02-18 12:46:25.597185"
199,"2026-02-06","D-39","GR20053","MED.LARGE PREMIUM","602514555","180373","210.00","5.000","1050.00","Premium Dates","Medjoul Dates Large","Savla","Hadiklaim","871.20","914760.00","2026-02-18 12:46:25.597185","2026-02-18 12:46:25.597185"
200,"2026-02-06","D-39","GR20053","MED.LARGE PREMIUM","602514553","180372","210.00","5.000","1050.00","Premium Dates","Medjoul Dates Large","Savla","Hadiklaim","871.20","914760.00","2026-02-18 12:46:25.597185","2026-02-18 12:46:25.597185"
201,"2026-02-06","D-39","GR20053","MED.S.JUMBO PREMIUM","602514260","180371","210.00","5.000","1050.00","Premium Dates","Medjoul Dates Super Jumbo","Savla","Hadiklaim","1152.00","1209600.00","2026-02-18 12:46:25.597185","2026-02-18 12:46:25.597185"
202,"2026-02-06","D-39","GR20053","MED.S.JUMBO PREMIUM","602514259","180370","210.00","5.000","1050.00","Premium Dates","Medjoul Dates Super Jumbo","Savla","Hadiklaim","1152.00","1209600.00","2026-02-18 12:46:25.597185","2026-02-18 12:46:25.597185"
203,"2026-02-06","D-39","GR20053","MED.S.JUMBO PREMIUM","502572002","180369","210.00","5.000","1050.00","Premium Dates","Medjoul Dates Super Jumbo","Savla","Hadiklaim","1152.00","1209600.00","2026-02-18 12:46:25.597185","2026-02-18 12:46:25.597185"
204,"2026-02-06","D-39","GR20053","MED.S.JUMBOPREMIUM","502572001","180368","210.00","5.000","1050.00","Premium Dates","Medjoul Dates Super Jumbo","Savla","Hadiklaim","1152.00","1209600.00","2026-02-18 12:46:25.597185","2026-02-18 12:46:25.597185"
205,"2026-02-06","D-39","GR20053","DEGLET NOUR BRANCHES","552520202","180367","200.00","5.000","1000.00","Premium Dates","Deglet Dates","Savla","Hadiklaim","527.00","527000.00","2026-02-18 12:46:25.597185","2026-02-18 12:46:25.597185"
206,"2026-02-06","D-514","GR7722","ORIENTAL DERI BULK","1750105035","13116","200.00","5.000","1000.00","Economical Dates","Deri Dates","Savla","Hadiklaim","303.00","303000.00","2026-02-18 12:46:25.597185","2026-02-18 12:46:25.597185"
207,"2026-02-06","D-514","GR7722","ORIENTAL DERI BULK","1750105035","13120","200.00","5.000","1000.00","Economical Dates","Deri Dates","Savla","Hadiklaim","303.00","303000.00","2026-02-18 12:46:25.597185","2026-02-18 12:46:25.597185"
208,"2026-02-06","D-514","GR7722","ORIENTAL DERI BULK","1750105035","13119","200.00","5.000","1000.00","Economical Dates","Deri Dates","Savla","Hadiklaim","303.00","303000.00","2026-02-18 12:46:25.597185","2026-02-18 12:46:25.597185"
209,"2026-02-06","D-514","GR7722","ORIENTAL DERI BULK","1750105035","13118","200.00","5.000","1000.00","Economical Dates","Deri Dates","Savla","Hadiklaim","303.00","303000.00","2026-02-18 12:46:25.597185","2026-02-18 12:46:25.597185"
210,"2026-02-06","D-514","GR7722","ORIENTAL DERI BULK","1750105035","13117","200.00","5.000","1000.00","Economical Dates","Deri Dates","Savla","Hadiklaim","303.00","303000.00","2026-02-18 12:46:25.597185","2026-02-18 12:46:25.597185"
211,"2026-02-06","D-514","GR7722","MDJOUL JUMBO","1350905471","13112","210.00","5.000","1050.00","Premium Dates","MEDJOUL DATES JUMBO","Savla","Hadiklaim","1057.00","1109850.00","2026-02-18 12:46:25.597185","2026-02-18 12:46:25.597185"
212,"2026-02-06","D-514","GR7722","MDJOUL JUMBO","1350905471","13111","210.00","5.000","1050.00","Premium Dates","MEDJOUL DATES JUMBO","Savla","Hadiklaim","1057.00","1109850.00","2026-02-18 12:46:25.597185","2026-02-18 12:46:25.597185"
213,"2026-02-06","D-514","GR7723","MEDJOUL LARGE","1350905480","13115","210.00","5.000","1050.00","Premium Dates","Medjoul Dates Large","Savla","Hadiklaim","871.20","914760.00","2026-02-18 12:46:25.597185","2026-02-18 12:46:25.597185"
214,"2026-02-06","D-514","GR7723","MEDJOUL JUMBO","1350905471","13114","210.00","5.000","1050.00","Premium Dates","MEDJOUL DATES JUMBO","Savla","Hadiklaim","1057.00","1109850.00","2026-02-18 12:46:25.597185","2026-02-18 12:46:25.597185"
215,"2026-02-06","D-39","GR20053","MED. JUMBO PREMIUM","60251240","180376","210.00","5.000","1050.00","Premium Dates","MEDJOUL DATES JUMBO","Savla","Hadiklaim","1057.00","1109850.00","2026-02-18 12:46:25.597185","2026-02-18 12:46:25.597185"
216,"2026-02-08","D-39","GR20161","JORDAN RIVER","LARGE","180636","210.00","5.000","1050.00","Premium Dates","Medjoul Dates Large","Savla","Hadiklaim","871.20","914760.00","2026-02-18 12:46:25.597185","2026-02-18 12:46:25.597185"
217,"2026-02-08","D-39","GR20161","JORDAN RIVER","LARGE","180637","210.00","5.000","1050.00","Premium Dates","Medjoul Dates Large","Savla","Hadiklaim","871.20","914760.00","2026-02-18 12:46:25.597185","2026-02-18 12:46:25.597185"
218,"2026-02-08","D-39","GR20161","JORDAN RIVER","LARGE","180638","210.00","5.000","1050.00","Premium Dates","Medjoul Dates Large","Savla","Hadiklaim","871.20","914760.00","2026-02-18 12:46:25.597185","2026-02-18 12:46:25.597185"
219,"2026-02-08","D-39","GR20161","JORDAN RIVER","S.JUMBO","180635","210.00","5.000","1050.00","Premium Dates","Medjoul Dates Super Jumbo","Savla","Hadiklaim","1152.00","1209600.00","2026-02-18 12:46:25.597185","2026-02-18 12:46:25.597185"
220,"2026-02-08","D-39","GR20161","JORDAN RIVER","S.JUMBO","180634","210.00","5.000","1050.00","Premium Dates","Medjoul Dates Super Jumbo","Savla","Hadiklaim","1152.00","1209600.00","2026-02-18 12:46:25.597185","2026-02-18 12:46:25.597185"
221,"2026-02-08","D-39","GR20161","JORDAN RIVER","S.JUMBO","180633","210.00","5.000","1050.00","Premium Dates","Medjoul Dates Super Jumbo","Savla","Hadiklaim","1152.00","1209600.00","2026-02-18 12:46:25.597185","2026-02-18 12:46:25.597185"
222,"2026-02-08","D-39","GR20161","JORDAN RIVER","AMRY","180632","200.00","5.000","1000.00","Premium Dates","Amary Dates","Savla","Hadiklaim","315.00","315000.00","2026-02-18 12:46:25.597185","2026-02-18 12:46:25.597185"
223,"2026-02-08","D-39","GR20161","JORDAN RIVER","MEDIUM","180631","210.00","5.000","1050.00","Premium Dates","Medjoul Dates Medium","Savla","Hadiklaim","753.28","790944.00","2026-02-18 12:46:25.597185","2026-02-18 12:46:25.597185"
224,"2026-02-08","D-39","GR20161","JORDAN RIVER","MEDIUM","180630","210.00","5.000","1050.00","Premium Dates","Medjoul Dates Medium","Savla","Hadiklaim","753.28","790944.00","2026-02-18 12:46:25.597185","2026-02-18 12:46:25.597185"
225,"2026-02-08","D-39","GR20161","JORDAN RIVER","MEDIAM","180629","210.00","5.000","1050.00","Premium Dates","Medjoul Dates Medium","Savla","Hadiklaim","753.28","790944.00","2026-02-18 12:46:25.597185","2026-02-18 12:46:25.597185"
226,"2026-02-08","D-39","GR20161","JORDAN RIVER","JUMBO","180628","210.00","5.000","1050.00","Premium Dates","MEDJOUL DATES JUMBO","Savla","Hadiklaim","1057.00","1109850.00","2026-02-18 12:46:25.597185","2026-02-18 12:46:25.597185"
227,"2026-02-08","D-39","GR20161","ORIENTAL DATES","XXL","180648","200.00","5.000","1000.00","Economical Dates","Deri Dates","Savla","Hadiklaim","303.00","303000.00","2026-02-18 12:46:25.597185","2026-02-18 12:46:25.597185"
228,"2026-02-08","D-39","GR20161","SUPER JUICY","XXL","180647","59.00","3.500","207.00","Premium Dates","Medjoul Dates Premium Bon Bon","Savla","Hadiklaim","1350.00","278775.00","2026-02-18 12:46:25.597185","2026-02-18 12:46:25.597185"
229,"2026-02-08","D-39","GR20161","JORDAN RIVER","LARGE","180646","210.00","5.000","1050.00","Premium Dates","Medjoul Dates Large","Savla","Hadiklaim","871.20","914760.00","2026-02-18 12:46:25.597185","2026-02-18 12:46:25.597185"
230,"2026-02-08","D-39","GR20161","JORDAN RIVER","LARGE","180645","210.00","5.000","1050.00","Premium Dates","Medjoul Dates Large","Savla","Hadiklaim","871.20","914760.00","2026-02-18 12:46:25.597185","2026-02-18 12:46:25.597185"
231,"2026-02-08","D-39","GR20161","JORDAN RIVER","JUMBO","180644","210.00","5.000","1050.00","Premium Dates","MEDJOUL DATES JUMBO","Savla","Hadiklaim","1057.00","1109850.00","2026-02-18 12:46:25.597185","2026-02-18 12:46:25.597185"
232,"2026-02-08","D-39","GR20161","JORDAN RIVER","JUMBO","180643","210.00","5.000","1050.00","Premium Dates","MEDJOUL DATES JUMBO","Savla","Hadiklaim","1057.00","1109850.00","2026-02-18 12:46:25.597185","2026-02-18 12:46:25.597185"
233,"2026-02-08","D-39","GR20161","JORDAN RIVER","DEGLET NOUR","180642","200.00","5.000","1000.00","Premium Dates","Deglet Dates","Savla","Hadiklaim","527.00","527000.00","2026-02-18 12:46:25.597185","2026-02-18 12:46:25.597185"
234,"2026-02-08","D-39","GR20161","JORDAN RIVER","LARGE","180641","210.00","5.000","1050.00","Premium Dates","Medjoul Dates Large","Savla","Hadiklaim","871.20","914760.00","2026-02-18 12:46:25.597185","2026-02-18 12:46:25.597185"
235,"2026-02-08","D-39","GR20161","JORDAN RIVER","LARGE","180640","210.00","5.000","1050.00","Premium Dates","Medjoul Dates Large","Savla","Hadiklaim","871.20","914760.00","2026-02-18 12:46:25.597185","2026-02-18 12:46:25.597185"
236,"2026-02-08","D-39","GR20161","JORDAN RIVER","LARGE","180639","210.00","5.000","1050.00","Premium Dates","Medjoul Dates Large","Savla","Hadiklaim","871.20","914760.00","2026-02-18 12:46:25.597185","2026-02-18 12:46:25.597185"
237,"2026-02-09","D-39","GR20210","DATELAND MEDIUM","-","180824","375.00","5.000","1875.00","Premium Dates","Medjoul Dates Medium","Savla","Local","681.00","1276875.00","2026-02-18 12:46:25.597185","2026-02-18 12:46:25.597185"
238,"2026-02-11","D-39","GR20313","ORIENTAL DATES","-","180985","183.00","5.000","915.00","Economical Dates","Deri Dates","Savla","Hadiklaim","303.00","277245.00","2026-02-18 12:46:25.597185","2026-02-18 12:46:25.597185"
239,"2026-02-11","D-39","GR20313","-","JA-10","180986","29.00","10.000","290.00","Raisins","Indian Green Raisins","Savla","0","405.00","117450.00","2026-02-18 12:46:25.597185","2026-02-18 12:46:25.597185"
240,"2026-02-11","D-514","GR7848","DERI BULK 9127","1750105035","13259","200.00","5.000","1000.00","Economical Dates","Deri Dates","Savla","Hadiklaim","303.00","303000.00","2026-02-18 12:46:25.597185","2026-02-18 12:46:25.597185"
241,"2026-02-11","D-514","GR7848","DERI BULK 9124","1750105035","13256","200.00","5.000","1000.00","Economical Dates","Deri Dates","Savla","Hadiklaim","303.00","303000.00","2026-02-18 12:46:25.597185","2026-02-18 12:46:25.597185"
242,"2026-02-11","D-514","GR7847","DERI BULK 9126","1750105035","13258","200.00","5.000","1000.00","Economical Dates","Deri Dates","Savla","Hadiklaim","303.00","303000.00","2026-02-18 12:46:25.597185","2026-02-18 12:46:25.597185"
243,"2026-02-11","D-514","GR7847","DERI BULK 9121","1750105035","13255","100.00","5.000","500.00","Economical Dates","Deri Dates","Savla","Hadiklaim","303.00","151500.00","2026-02-18 12:46:25.597185","2026-02-18 12:46:25.597185"
244,"2026-02-11","D-514","GR7847","DERI BULK 9125","1750105035","13257","200.00","5.000","1000.00","Economical Dates","Deri Dates","Savla","Hadiklaim","303.00","303000.00","2026-02-18 12:46:25.597185","2026-02-18 12:46:25.597185"
245,"2026-02-16","D-39","GR20645","-","-","181841","40.00","12.500","500.00","Black Currant","GREEK DARK SEEDLESS RAISINS (Black Currant)","Savla","Tajir","550.00","275000.00","2026-02-18 12:46:25.597185","2026-02-18 12:46:25.597185"
246,"2026-01-21","D-514","GR7360","MDJL LARGE PREM","602512331","12449","210.00","5.000","1050.00","Premium Dates","Medjoul Dates Large","Savla Bond","Hadiklaim","871.20","914760.00","2026-02-18 12:46:25.597185","2026-02-18 12:46:25.597185"
247,"2026-01-21","D-514","GR7360","MDJL LARGE PREM","602512332","12450","210.00","5.000","1050.00","Premium Dates","Medjoul Dates Large","Savla Bond","Hadiklaim","871.20","914760.00","2026-02-18 12:46:25.597185","2026-02-18 12:46:25.597185"
248,"2026-01-21","D-514","GR7360","MDJL LARGE PREM","602512329","12447","210.00","5.000","1050.00","Premium Dates","Medjoul Dates Large","Savla Bond","Hadiklaim","871.20","914760.00","2026-02-18 12:46:25.597185","2026-02-18 12:46:25.597185"
249,"2026-01-21","D-514","GR7360","MDJL LARGE PREM","602512328","12446","210.00","5.000","1050.00","Premium Dates","Medjoul Dates Large","Savla Bond","Hadiklaim","871.20","914760.00","2026-02-18 12:46:25.597185","2026-02-18 12:46:25.597185"
250,"2026-01-21","D-514","GR7360","MDJL LARGE PREM","602512327","12445","210.00","5.000","1050.00","Premium Dates","Medjoul Dates Large","Savla Bond","Hadiklaim","871.20","914760.00","2026-02-18 12:46:25.597185","2026-02-18 12:46:25.597185"
251,"2026-01-21","D-514","GR7360","MDJL LARGE PREM","602512326","12444","210.00","5.000","1050.00","Premium Dates","Medjoul Dates Large","Savla Bond","Hadiklaim","871.20","914760.00","2026-02-18 12:46:25.597185","2026-02-18 12:46:25.597185"
252,"2026-01-21","D-514","GR7360","MDJL LARGE PREM","602512325","12443","210.00","5.000","1050.00","Premium Dates","Medjoul Dates Large","Savla Bond","Hadiklaim","871.20","914760.00","2026-02-18 12:46:25.597185","2026-02-18 12:46:25.597185"
253,"2026-01-21","D-514","GR7360","MDJL LARGE PREM","602512324","12442","210.00","5.000","1050.00","Premium Dates","Medjoul Dates Large","Savla Bond","Hadiklaim","871.20","914760.00","2026-02-18 12:46:25.597185","2026-02-18 12:46:25.597185"
254,"2026-01-21","D-514","GR7360","MDJL LARGE PREM","602512323","12441","210.00","5.000","1050.00","Premium Dates","Medjoul Dates Large","Savla Bond","Hadiklaim","871.20","914760.00","2026-02-18 12:46:25.597185","2026-02-18 12:46:25.597185"
255,"2026-01-21","D-514","GR7360","MDJL SUP. JUM PREM","602512322","12440","210.00","5.000","1050.00","Premium Dates","Medjoul Dates Super Jumbo","Savla Bond","Hadiklaim","1152.00","1209600.00","2026-02-18 12:46:25.597185","2026-02-18 12:46:25.597185"
256,"2026-01-21","D-514","GR7360","MDJL SUP. JUM PREM","602512321","12439","210.00","5.000","1050.00","Premium Dates","Medjoul Dates Super Jumbo","Savla Bond","Hadiklaim","1152.00","1209600.00","2026-02-18 12:46:25.597185","2026-02-18 12:46:25.597185"
257,"2026-01-21","D-514","GR7360","MDJL SUP. JUM PREM","602512320","12438","210.00","5.000","1050.00","Premium Dates","Medjoul Dates Super Jumbo","Savla Bond","Hadiklaim","1152.00","1209600.00","2026-02-18 12:46:25.597185","2026-02-18 12:46:25.597185"
258,"2026-01-21","D-514","GR7360","MDJL SUP. JUM PREM","602512319","12437","210.00","5.000","1050.00","Premium Dates","Medjoul Dates Super Jumbo","Savla Bond","Hadiklaim","1152.00","1209600.00","2026-02-18 12:46:25.597185","2026-02-18 12:46:25.597185"
259,"2026-01-21","D-514","GR7360","MDJL JUMBO PREM","602510341","12436","210.00","5.000","1050.00","Premium Dates","MEDJOUL DATES JUMBO","Savla Bond","Hadiklaim","1057.00","1109850.00","2026-02-18 12:46:25.597185","2026-02-18 12:46:25.597185"
260,"2026-01-21","D-514","GR7360","MDJL JUMBO PREM","602510340","12435","210.00","5.000","1050.00","Premium Dates","MEDJOUL DATES JUMBO","Savla Bond","Hadiklaim","1057.00","1109850.00","2026-02-18 12:46:25.597185","2026-02-18 12:46:25.597185"
261,"2026-01-21","D-514","GR7360","MDJL JUMBO PREM","602510339","12434","210.00","5.000","1050.00","Premium Dates","MEDJOUL DATES JUMBO","Savla Bond","Hadiklaim","1057.00","1109850.00","2026-02-18 12:46:25.597185","2026-02-18 12:46:25.597185"
262,"2026-01-21","D-514","GR7360","MDJL MED PREM","602512335","12433","210.00","5.000","1050.00","Premium Dates","Medjoul Dates Medium","Savla Bond","Hadiklaim","753.28","790944.00","2026-02-18 12:46:25.597185","2026-02-18 12:46:25.597185"
263,"2026-01-21","D-514","GR7360","MDJL MED PREM","502571221","12432","210.00","5.000","1050.00","Premium Dates","Medjoul Dates Medium","Savla Bond","Hadiklaim","753.28","790944.00","2026-02-18 12:46:25.597185","2026-02-18 12:46:25.597185"
264,"2026-01-21","D-514","GR7360","MDJL MED PREM","502571220","12431","210.00","5.000","1050.00","Premium Dates","Medjoul Dates Medium","Savla Bond","Hadiklaim","753.28","790944.00","2026-02-18 12:46:25.597185","2026-02-18 12:46:25.597185"
265,"2026-01-21","D-514","GR7360","MDJL LARGE PREM","602512330","12448","210.00","5.000","1050.00","Premium Dates","Medjoul Dates Large","Savla Bond","Hadiklaim","871.20","914760.00","2026-02-18 12:46:25.597185","2026-02-18 12:46:25.597185"
266,"2026-02-11","D-514","GR7864","MEDJ.LARGE 672526111","1350105480","13314","210.00","5.000","1050.00","Premium Dates","Medjoul Dates Large","Savla Bond","Hadiklaim","871.20","914760.00","2026-02-18 12:46:25.597185","2026-02-18 12:46:25.597185"
267,"2026-02-11","D-514","GR7864","MEDJ.LARGE 672526110","1350105480","13313","210.00","5.000","1050.00","Premium Dates","Medjoul Dates Large","Savla Bond","Hadiklaim","871.20","914760.00","2026-02-18 12:46:25.597185","2026-02-18 12:46:25.597185"
268,"2026-02-11","D-514","GR7864","MEDJ.LARGE 672526109","1350105480","13312","210.00","5.000","1050.00","Premium Dates","Medjoul Dates Large","Savla Bond","Hadiklaim","871.20","914760.00","2026-02-18 12:46:25.597185","2026-02-18 12:46:25.597185"
269,"2026-02-11","D-514","GR7864","MEDJ.LARGE 672526108","1350105480","13311","210.00","5.000","1050.00","Premium Dates","Medjoul Dates Large","Savla Bond","Hadiklaim","871.20","914760.00","2026-02-18 12:46:25.597185","2026-02-18 12:46:25.597185"
270,"2026-02-11","D-514","GR7864","MEDJ.LARGE 672526107","1350105480","13310","210.00","5.000","1050.00","Premium Dates","Medjoul Dates Large","Savla Bond","Hadiklaim","871.20","914760.00","2026-02-18 12:46:25.597185","2026-02-18 12:46:25.597185"
271,"2026-02-11","D-514","GR7864","MEDJ.LARGE 672526106","1350105480","13309","210.00","5.000","1050.00","Premium Dates","Medjoul Dates Large","Savla Bond","Hadiklaim","871.20","914760.00","2026-02-18 12:46:25.597185","2026-02-18 12:46:25.597185"
272,"2026-02-11","D-514","GR7864","MEDJ.LARGE 672526105","1350105480","13308","210.00","5.000","1050.00","Premium Dates","Medjoul Dates Large","Savla Bond","Hadiklaim","871.20","914760.00","2026-02-18 12:46:25.597185","2026-02-18 12:46:25.597185"
273,"2026-02-11","D-514","GR7864","MEDJ.LARGE 672526104","1350105480","13307","210.00","5.000","1050.00","Premium Dates","Medjoul Dates Large","Savla Bond","Hadiklaim","871.20","914760.00","2026-02-18 12:46:25.597185","2026-02-18 12:46:25.597185"
274,"2026-02-11","D-514","GR7864","MEDJ.LARGE 672526103","1350105480","13306","210.00","5.000","1050.00","Premium Dates","Medjoul Dates Large","Savla Bond","Hadiklaim","871.20","914760.00","2026-02-18 12:46:25.597185","2026-02-18 12:46:25.597185"
275,"2026-02-11","D-514","GR7864","MEDJ.LARGE 672526102","1350105480","13305","210.00","5.000","1050.00","Premium Dates","Medjoul Dates Large","Savla Bond","Hadiklaim","871.20","914760.00","2026-02-18 12:46:25.597185","2026-02-18 12:46:25.597185"
276,"2026-02-11","D-514","GR7864","MEDJ.LARGE 672526101","1350105480","13304","210.00","5.000","1050.00","Premium Dates","Medjoul Dates Large","Savla Bond","Hadiklaim","871.20","914760.00","2026-02-18 12:46:25.597185","2026-02-18 12:46:25.597185"
277,"2026-02-11","D-514","GR7864","MEDJ.LARGE 672526100","1350105480","13303","210.00","5.000","1050.00","Premium Dates","Medjoul Dates Large","Savla Bond","Hadiklaim","871.20","914760.00","2026-02-18 12:46:25.597185","2026-02-18 12:46:25.597185"
278,"2026-02-11","D-514","GR7864","MEDJ.LARGE 672526099","1350105480","13302","210.00","5.000","1050.00","Premium Dates","Medjoul Dates Large","Savla Bond","Hadiklaim","871.20","914760.00","2026-02-18 12:46:25.597185","2026-02-18 12:46:25.597185"
279,"2026-02-11","D-514","GR7864","MEDJ.LARGE  672526098","1350105480","13301","210.00","5.000","1050.00","Premium Dates","Medjoul Dates Large","Savla Bond","Hadiklaim","871.20","914760.00","2026-02-18 12:46:25.597185","2026-02-18 12:46:25.597185"
280,"2026-02-11","D-514","GR7864","MEDJ.SUPER JUMBO 502572027","1350205472","13300","210.00","5.000","1050.00","Premium Dates","Medjoul Dates Super Jumbo","Savla Bond","Hadiklaim","1152.00","1209600.00","2026-02-18 12:46:25.597185","2026-02-18 12:46:25.597185"
281,"2026-02-11","D-514","GR7864","MEDJ.SUPER JUMBO 502572026","1350205472","13299","210.00","5.000","1050.00","Premium Dates","Medjoul Dates Super Jumbo","Savla Bond","Hadiklaim","1152.00","1209600.00","2026-02-18 12:46:25.597185","2026-02-18 12:46:25.597185"
282,"2026-02-11","D-514","GR7864","MEDJ.JUMBO 502572025","1350905471","13298","210.00","5.000","1050.00","Premium Dates","MEDJOUL DATES JUMBO","Savla Bond","Hadiklaim","1057.00","1109850.00","2026-02-18 12:46:25.597185","2026-02-18 12:46:25.597185"
283,"2026-02-11","D-514","GR7864","MEDJ.JUMBO 502572024","1350905471","13297","210.00","5.000","1050.00","Premium Dates","MEDJOUL DATES JUMBO","Savla Bond","Hadiklaim","1057.00","1109850.00","2026-02-18 12:46:25.597185","2026-02-18 12:46:25.597185"
284,"2026-02-11","D-514","GR7864","AMARY BULK 2025140199","1950105106","13295","200.00","5.000","1000.00","Premium Dates","Amary Dates","Savla","Hadiklaim","315.00","315000.00","2026-02-18 12:46:25.597185","2026-02-18 12:46:25.597185"
285,"2026-02-11","D-514","GR7864","MEDJ.JUMBO 502572023","1350905471","13296","210.00","5.000","1050.00","Premium Dates","MEDJOUL DATES JUMBO","Savla Bond","Hadiklaim","1057.00","1109850.00","2026-02-18 12:46:25.597185","2026-02-18 12:46:25.597185"
286,"2024-01-09","Rishi","Rishi Cold","Safawi","Safawi","105768","42.00","20.000","840.00","Premium Dates","Wet Dates Safavi","Rishi","Local","550.00","462000.00","2026-02-18 12:46:25.597185","2026-02-18 12:46:25.597185"
287,"2024-03-21","Rishi","Rishi Cold","Dry Dates","Dry Dates","107268","49.00","12.000","588.00","Dry Dates","Kharik","Rishi","Local","250.00","147000.00","2026-02-18 12:46:25.597185","2026-02-18 12:46:25.597185"
288,"2024-12-13","Rishi","Rishi Cold","Khalas","-","114238","95.00","10.000","950.00","Economical Dates","AL BARAKAH KHALAS PREMIUM DATES","Rishi","AL BARAKAH","116.00","110200.00","2026-02-18 12:46:25.597185","2026-02-18 12:46:25.597185"
289,"2024-12-14","Rishi","Rishi Cold","Khalas","-","114290","343.00","10.000","3430.00","Economical Dates","AL BARAKAH KHALAS PREMIUM DATES","Rishi","AL BARAKAH","116.00","397880.00","2026-02-18 12:46:25.597185","2026-02-18 12:46:25.597185"
290,"2024-12-14","Rishi","Rishi Cold","Khalas","-","114308","715.00","10.000","7150.00","Economical Dates","AL BARAKAH KHALAS PREMIUM DATES","Rishi","AL BARAKAH","116.00","829400.00","2026-02-18 12:46:25.597185","2026-02-18 12:46:25.597185"
291,"2024-12-21","Rishi","Rishi Cold","Khalas","-","114483","1504.00","10.000","15040.00","Economical Dates","AL BARAKAH KHALAS PREMIUM DATES","Rishi","AL BARAKAH","116.00","1744640.00","2026-02-18 12:46:25.597185","2026-02-18 12:46:25.597185"
292,"2024-12-31","Rishi","Rishi Cold","KHALAS",NULL,"114757","56.00","10.000","560.00","Economical Dates","AL BARAKAH KHALAS PREMIUM DATES","Rishi","AL BARAKAH","116.00","64960.00","2026-02-18 12:46:25.597185","2026-02-18 12:46:25.597185"
293,"2025-01-27","Rishi","Rishi Cold","WHITE",NULL,"115342","26.00","20.000","520.00","Premium Dates","Wet Dates Safavi","Rishi","Local","550.00","286000.00","2026-02-18 12:46:25.597185","2026-02-18 12:46:25.597185"
294,"2025-03-01","Rishi","Rishi Cold","KHALAS",NULL,"116061","699.00","10.000","6990.00","Economical Dates","AL BARAKAH KHALAS DATES","Rishi","AL BARAKAH","116.00","810840.00","2026-02-18 12:46:25.597185","2026-02-18 12:46:25.597185"
295,"2025-03-04","Rishi","Rishi Cold","KHALAS",NULL,"116121","500.00","10.000","5000.00","Economical Dates","AL BARAKAH KHALAS DATES","Rishi","AL BARAKAH","116.00","580000.00","2026-02-18 12:46:25.597185","2026-02-18 12:46:25.597185"
296,"2025-03-05","Rishi","Rishi Cold","FARD - STAND",NULL,"116140","9.00","10.000","90.00","Economical Dates","AL BARAKAH FARD DATES STANDARD","Rishi","AL BARAKAH","208.00","18720.00","2026-02-18 12:46:25.597185","2026-02-18 12:46:25.597185"
297,"2025-03-25","Rishi","Rishi Cold","Reziz",NULL,"116640","132.00","10.000","1320.00","Economical Dates","AL BARAKAH REZIZ DATES 10KG","Rishi","AL BARAKAH","87.70","115764.00","2026-02-18 12:46:25.597185","2026-02-18 12:46:25.597185"
298,"2025-04-04","Rishi","Rishi Cold","KHALAS",NULL,"116793","1292.00","10.000","12920.00","Economical Dates","AL BARAKAH KHALAS PREMIUM DATES","Rishi","AL BARAKAH","116.00","1498720.00","2026-02-18 12:46:25.597185","2026-02-18 12:46:25.597185"
299,"2025-04-05","Rishi","Rishi Cold","BARAHI",NULL,"116835","458.00","10.000","4580.00","Economical Dates","AL BARAKAH BARHI DATES 10KG","Rishi","AL BARAKAH","90.50","414490.00","2026-02-18 12:46:25.597185","2026-02-18 12:46:25.597185"
300,"2025-04-08","Rishi","Rishi Cold","KHALAS",NULL,"116927","250.00","10.000","2500.00","Economical Dates","AL BARAKAH KHALAS PREMIUM DATES","Rishi","AL BARAKAH","116.00","290000.00","2026-02-18 12:46:25.597185","2026-02-18 12:46:25.597185"
301,"2025-04-12","Rishi","Rishi Cold","KHALAS",NULL,"117042","9.00","10.000","90.00","Economical Dates","AL BARAKAH KHALAS PREMIUM DATES","Rishi","AL BARAKAH","116.00","10440.00","2026-02-18 12:46:25.597185","2026-02-18 12:46:25.597185"
302,"2025-04-13","Rishi","Rishi Cold","KHALAS",NULL,"117074","1607.00","10.000","16070.00","Economical Dates","AL BARAKAH KHALAS PREMIUM DATES","Rishi","AL BARAKAH","116.00","1864120.00","2026-02-18 12:46:25.597185","2026-02-18 12:46:25.597185"
303,"2025-04-15","Rishi","Rishi Cold","EMIRAT-BLA",NULL,"117122","34.00","10.000","340.00","Economical Dates","AL BARAKAH KHALAS PREMIUM DATES","Rishi","AL BARAKAH","116.00","39440.00","2026-02-18 12:46:25.597185","2026-02-18 12:46:25.597185"
304,"2025-04-27","Rishi","Rishi Cold","FARD","Orange Box","117407","848.00","10.000","8480.00","Economical Dates","Al Barakah Fard Dates Premium","Rishi","AL BARAKAH","233.00","1975840.00","2026-02-18 12:46:25.597185","2026-02-18 12:46:25.597185"
305,"2025-04-27","Rishi","Rishi Cold","FARD","Orange Box","117411","778.00","10.000","7780.00","Economical Dates","Al Barakah Fard Dates Premium","Rishi","AL BARAKAH","233.00","1812740.00","2026-02-18 12:46:25.597185","2026-02-18 12:46:25.597185"
306,"2025-04-28","Rishi","Rishi Cold","FARD","Orange Box","117413","134.00","10.000","1340.00","Economical Dates","Al Barakah Fard Dates Premium","Rishi","AL BARAKAH","233.00","312220.00","2026-02-18 12:46:25.597185","2026-02-18 12:46:25.597185"
307,"2025-05-10","Rishi","Rishi Cold","KHALAS",NULL,"117769","175.00","10.000","1750.00","Economical Dates","AL BARAKAH KHALAS DATES","Rishi","AL BARAKAH","116.00","203000.00","2026-02-18 12:46:25.597185","2026-02-18 12:46:25.597185"
308,"2025-05-13","Rishi","Rishi Cold","DRY - CHURA",NULL,"117833","37.00","10.000","370.00","Dry Dates","DRY DATES-GRADE 2","Rishi","NAKHEEL","241.00","89170.00","2026-02-18 12:46:25.597185","2026-02-18 12:46:25.597185"
309,"2025-05-31","Rishi","Rishi Cold","BROWN",NULL,"118284","9.00","16.000","144.00","Economical Dates","AL BARAKAH SUFRI DATES 10KG","Rishi","Local","115.00","16560.00","2026-02-18 12:46:25.597185","2026-02-18 12:46:25.597185"
310,"2025-06-03","Rishi","Rishi Cold","BROWN",NULL,"118351","17.00","15.000","255.00","Economical Dates","AL BARAKAH SUFRI DATES 10KG","Rishi","Local","115.00","29325.00","2026-02-18 12:46:25.597185","2026-02-18 12:46:25.597185"
311,"2025-06-03","Rishi","Rishi Cold","BROWN",NULL,"118352","5.00","13.000","65.00","Economical Dates","AL BARAKAH SUFRI DATES 10KG","Rishi","Local","115.00","7475.00","2026-02-18 12:46:25.597185","2026-02-18 12:46:25.597185"
312,"2025-06-03","Rishi","Rishi Cold","BROWN",NULL,"118353","2.00","18.000","36.00","Economical Dates","AL BARAKAH SUFRI DATES 10KG","Rishi","Local","115.00","4140.00","2026-02-18 12:46:25.597185","2026-02-18 12:46:25.597185"
313,"2025-06-30","Rishi","Rishi Cold","Al Barakah","RTV Sunirse","119002","46.00","15.000","690.00","Economical Dates","AL BARAKAH BARHI DATES 10KG","Rishi","AL BARAKAH","90.50","62445.00","2026-02-18 12:46:25.597185","2026-02-18 12:46:25.597185"
314,"2025-07-07","Rishi","Rishi Cold","Mazafati",NULL,"119224","1388.00","5.000","6940.00","Economical Dates","Wet Dates (Mazafati)","Rishi","Local","198.00","1374120.00","2026-02-18 12:46:25.597185","2026-02-18 12:46:25.597185"
315,"2025-07-16","Rishi","Rishi Cold","Mazafati",NULL,"119491","321.00","5.000","1605.00","Economical Dates","Wet Dates (Mazafati)","Rishi","Local","198.00","317790.00","2026-02-18 12:46:25.597185","2026-02-18 12:46:25.597185"
316,"2025-07-23","Rishi","Rishi Cold","Bam-Kimia",NULL,"119639","373.00","5.000","1865.00","Economical Dates","Wet Dates (Mazafati)","Rishi","Local","240.00","447600.00","2026-02-18 12:46:25.597185","2026-02-18 12:46:25.597185"
317,"2025-08-01","Rishi","Rishi Cold","MIX",NULL,"119869","44.00","10.000","435.00","Economical Dates","Wet Dates Seedless Khalas","Rishi","AL BARAKAH","126.00","54810.00","2026-02-18 12:46:25.597185","2026-02-18 12:46:25.597185"
318,"2025-08-23","Rishi","Rishi Cold","PREMIUM",NULL,"120372","25.00","5.000","125.00","Economical Dates","Wet Dates (Mazafati)","Rishi","Local","240.00","30000.00","2026-02-18 12:46:25.597185","2026-02-18 12:46:25.597185"
319,"2025-08-25","Rishi","Rishi Cold","ROYAL ARABIAN",NULL,"120409","337.00","12.000","4044.00","Economical Dates","Delmonte Royal Arabian dates 500g [1 Case x 24 unit] Non-Promo","Rishi","AL BARAKAH","116.00","469104.00","2026-02-18 12:46:25.597185","2026-02-18 12:46:25.597185"
320,"2025-11-24","Rishi","Rishi Cold","SAFAWI",NULL,"122755","301.00","5.000","1505.00","Premium Dates","Wet Dates Safavi","Rishi","Local","550.00","827750.00","2026-02-18 12:46:25.597185","2026-02-18 12:46:25.597185"
321,"2025-10-06","Rishi","Rishi Cold","KHALAS","AAT IMPEX","121432","1099.00","10.000","10990.00","Economical Dates","AL BARAKAH KHALAS PREMIUM DATES","Rishi","AL BARAKAH","116.00","1274840.00","2026-02-18 12:46:25.597185","2026-02-18 12:46:25.597185"
322,"2025-10-14","Rishi","Rishi Cold","BARAHI",NULL,"121648","0.00","10.000",NULL,"Economical Dates","AL BARAKAH BARHI DATES 10KG","Rishi","AL BARAKAH","90.50",NULL,"2026-02-18 12:46:25.597185","2026-02-18 12:46:25.597185"
323,"2025-10-15","Rishi","Rishi Cold","BROWN",NULL,"121686","248.00","12.000","2976.00","Economical Dates","Delmonte Royal Arabian dates 500g [1 Case x 24 unit] Non-Promo","Rishi","AL BARAKAH","116.00","345216.00","2026-02-18 12:46:25.597185","2026-02-18 12:46:25.597185"
324,"2025-10-28","Rishi","Rishi Cold","Sayer Dates",NULL,"121939","0.00","10.000",NULL,"Economical Dates","Wet Date Sayer ( Unpitted )","Rishi","AL BARAKAH","99.00",NULL,"2026-02-18 12:46:25.597185","2026-02-18 12:46:25.597185"
325,"2025-10-31","Rishi","Rishi Cold","KHALAS",NULL,"121977","2.00","10.000","20.00","Economical Dates","AL BARAKAH KHALAS PREMIUM DATES","Rishi","AL BARAKAH","116.00","2320.00","2026-02-18 12:46:25.597185","2026-02-18 12:46:25.597185"
326,"2025-11-02","Rishi","Rishi Cold","Sayer Dates",NULL,"122019","1806.00","10.000","18060.00","Economical Dates","Wet Date Sayer ( Unpitted )","Rishi","AL BARAKAH","99.00","1787940.00","2026-02-18 12:46:25.597185","2026-02-18 12:46:25.597185"
327,"2025-11-15","Rishi","Rishi Cold","BARHI",NULL,"122457","400.00","10.000","4000.00","Economical Dates","AL BARAKAH BARHI DATES 10KG","Rishi","Local","90.50","362000.00","2026-02-18 12:46:25.597185","2026-02-18 12:46:25.597185"
328,"2025-11-28","Rishi","Rishi Cold","Sayer Dates",NULL,"122909","879.00","5.000","4395.00","Economical Dates","Wet Date Sayer ( Unpitted )","Rishi","Local","105.00","461475.00","2026-02-18 12:46:25.597185","2026-02-18 12:46:25.597185"
329,"2025-11-29","Rishi","Rishi Cold","BARHI",NULL,"122937","159.00","10.000","1590.00","Economical Dates","AL BARAKAH BARHI DATES 10KG","Rishi","Local","90.50","143895.00","2026-02-18 12:46:25.597185","2026-02-18 12:46:25.597185"
330,"2025-12-08","Rishi","Rishi Cold","KHALAS",NULL,"123249","119.00","10.000","1190.00","Economical Dates","Wet Dates Seedless Khalas","Rishi","AL BARAKAH","126.00","149940.00","2026-02-18 12:46:25.597185","2026-02-18 12:46:25.597185"
331,"2025-12-09","Rishi","Rishi Cold","Mazafati",NULL,"123292","142.00","6.800","966.00","Economical Dates","Wet Dates (Mazafati)","Rishi","Local","198.00","191188.80","2026-02-18 12:46:25.597185","2026-02-18 12:46:25.597185"
332,"2025-12-09","Rishi","Rishi Cold","Sayer Dates",NULL,"123293","4.00","10.000","40.00","Economical Dates","Wet Date Sayer ( Unpitted )","Rishi","AL BARAKAH","99.00","3960.00","2026-02-18 12:46:25.597185","2026-02-18 12:46:25.597185"
333,"2025-12-09","Rishi","Rishi Cold","Ajwa",NULL,"123294","28.00","5.000","140.00","Premium Dates","Wet Dates Ajwa","Rishi","0","675.00","94500.00","2026-02-18 12:46:25.597185","2026-02-18 12:46:25.597185"
334,"2025-12-09","Rishi","Rishi Cold","Mabroom",NULL,"123295","2.00","15.000","30.00","Premium Dates","Wet Dates (Mabroom)","Rishi","0","990.00","29700.00","2026-02-18 12:46:25.597185","2026-02-18 12:46:25.597185"
335,"2025-12-09","Rishi","Rishi Cold","Sayer Dates",NULL,"123296","3.00","5.000","15.00","Economical Dates","Wet Date Sayer ( Unpitted )","Rishi","Local","105.00","1575.00","2026-02-18 12:46:25.597185","2026-02-18 12:46:25.597185"
336,"2025-12-09","Rishi","Rishi Cold","Crushed Dates",NULL,"123298","0.00","10.000",NULL,"Economical Dates","AL BARAKAH CRUSHED DATES 10KG","Rishi","AL BARAKAH","127.00",NULL,"2026-02-18 12:46:25.597185","2026-02-18 12:46:25.597185"
337,"2025-12-10","Rishi","Rishi Cold","FARD - STAND",NULL,"123327","109.00","10.000","1090.00","Economical Dates","Al Barakah Fard Dates Seedless","Rishi","AL BARAKAH","230.00","250700.00","2026-02-18 12:46:25.597185","2026-02-18 12:46:25.597185"
338,"2025-12-11","Rishi","Rishi Cold","Khalas-Mix",NULL,"123364","52.00","10.000","520.00","Economical Dates","Wet Dates Seedless Khalas","Rishi","AL BARAKAH","126.00","65520.00","2026-02-18 12:46:25.597185","2026-02-18 12:46:25.597185"
339,"2025-12-11","Rishi","Rishi Cold","Fard-Mix",NULL,"123365","55.00","5.000","275.00","Economical Dates","Al Barakah Fard Dates Seedless","Rishi","AL BARAKAH","230.00","63250.00","2026-02-18 12:46:25.597185","2026-02-18 12:46:25.597185"
340,"2025-12-11","Rishi","Rishi Cold","FARD - STAND",NULL,"123366","73.00","10.000","730.00","Economical Dates","Al Barakah Fard Dates Seedless","Rishi","AL BARAKAH","230.00","167900.00","2026-02-18 12:46:25.597185","2026-02-18 12:46:25.597185"
341,"2025-12-18","Rishi","Rishi Cold","Zahidi",NULL,"123591","1682.00","10.000","16820.00","Economical Dates","Wet Dates Zahidi","Rishi","Local","115.00","1934300.00","2026-02-18 12:46:25.597185","2026-02-18 12:46:25.597185"
342,"2025-12-20","Rishi","Rishi Cold","Brown 13KG",NULL,"123683","486.00","12.000","5832.00","Economical Dates","Delmonte Royal Arabian dates 500g [1 Case x 24 unit] Non-Promo","Rishi","AL BARAKAH","116.00","676512.00","2026-02-18 12:46:25.597185","2026-02-18 12:46:25.597185"
343,"2025-12-20","Rishi","Rishi Cold","Brown",NULL,"123633","215.00","10.000","2150.00","Economical Dates","AL BARAKAH SUFRI DATES 10KG","Rishi","Local","115.00","247250.00","2026-02-18 12:46:25.597185","2026-02-18 12:46:25.597185"
344,"2025-12-20","Rishi","Rishi Cold","Khalas VR",NULL,"123688","40.00","10.000","400.00","Economical Dates","AL BARAKAH KHALAS DATES","Rishi","AL BARAKAH","116.00","46400.00","2026-02-18 12:46:25.597185","2026-02-18 12:46:25.597185"
345,"2025-12-25","Rishi","Rishi Cold","Seedless",NULL,"123887","70.00","10.000","700.00","Economical Dates","Wet Dates Seedless Khalas","Rishi","AL BARAKAH","126.00","88200.00","2026-02-18 12:46:25.597185","2026-02-18 12:46:25.597185"
346,"2025-12-25","Rishi","Rishi Cold","Barhi",NULL,"123888","100.00","10.000","1000.00","Economical Dates","AL BARAKAH BARHI DATES 10KG","Rishi","AL BARAKAH","90.50","90500.00","2026-02-18 12:46:25.597185","2026-02-18 12:46:25.597185"
347,"2025-12-26","Rishi","Rishi Cold","Fard",NULL,"123935","0.00","10.000",NULL,"Economical Dates","AL BARAKAH FARD DATES STANDARD","Rishi","AL BARAKAH","195.00",NULL,"2026-02-18 12:46:25.597185","2026-02-18 12:46:25.597185"
348,"2025-12-26","Rishi","Rishi Cold","BAM-MIX",NULL,"123936","400.00","6.000","2400.00","Economical Dates","Wet Dates (Mazafati)","Rishi","Local","199.00","477600.00","2026-02-18 12:46:25.597185","2026-02-18 12:46:25.597185"
349,"2025-12-29","Rishi","Rishi Cold","REZIZ",NULL,"124042","2.00","10.000","20.00","Economical Dates","AL BARAKAH REZIZ DATES 10KG","Rishi","AL BARAKAH","87.70","1754.00","2026-02-18 12:46:25.597185","2026-02-18 12:46:25.597185"
350,"2026-01-08","Rishi","Rishi Cold","Al Barakah Kimia 500g",NULL,"124407","50.00","6.000","300.00","Economical Dates","Al Barakah Kimia Dates 500 Gm","Rishi","0","260.00","78000.00","2026-02-18 12:46:25.597185","2026-02-18 12:46:25.597185"
351,"2026-01-08","Rishi","Rishi Cold","BAM-MIX",NULL,"124409","264.00","6.000","1584.00","Economical Dates","Wet Dates (Mazafati)","Rishi","Local","199.00","315216.00","2026-02-18 12:46:25.597185","2026-02-18 12:46:25.597185"
352,"2026-01-19","Rishi","Rishi Cold","Seedless",NULL,"124652","140.00","5.000","700.00","Economical Dates","Wet Dates Seedless Khalas","Rishi","AL BARAKAH","126.00","88200.00","2026-02-18 12:46:25.597185","2026-02-18 12:46:25.597185"
353,"2026-01-22","Rishi","Rishi Cold","Egyptian",NULL,"124679","1886.00","10.000","18860.00","Economical Dates","Egyptian Wet Dates 10Kg","Rishi","Muffaddar","100.00","1886000.00","2026-02-18 12:46:25.597185","2026-02-18 12:46:25.597185"
354,"2026-01-24","Rishi","Rishi Cold","PEST",NULL,"124789","1500.00","12.500","18750.00","Date Paste","AL BARAKAH DATE PASTE 12.5KG","Rishi","AL BARAKAH","95.00","1781250.00","2026-02-18 12:46:25.597185","2026-02-18 12:46:25.597185"
355,"2026-01-24","Rishi","Rishi Cold","FARD",NULL,"124790","345.00","10.000","3450.00","Economical Dates","Al Barakah Fard Dates Standard","Rishi","AL BARAKAH","157.00","541650.00","2026-02-18 12:46:25.597185","2026-02-18 12:46:25.597185"
356,"2026-02-03","Rishi","Rishi Cold","KHALAS",NULL,"124994","88.00","10.000","880.00","Economical Dates","Wet Dates Khalas","Rishi","Local","116.00","102080.00","2026-02-18 12:46:25.597185","2026-02-18 12:46:25.597185"
357,"2026-02-07","Rishi","Rishi Cold","FARD-RELIANCE",NULL,"125087","49.00","10.000","490.00","Economical Dates","Wet Dates Fard","Rishi","Local","215.00","105350.00","2026-02-18 12:46:25.597185","2026-02-18 12:46:25.597185"
358,"2026-02-10","Rishi","Rishi Cold","Barhi",NULL,"125168","2288.00","10.000","22880.00","Economical Dates","AL BARAKAH BARHI DATES 10KG","Rishi","Local","90.50","2070640.00","2026-02-18 12:46:25.597185","2026-02-18 12:46:25.597185"
359,"2026-02-11","Rishi","Rishi Cold","Barhi",NULL,"125178","2595.00","10.000","25950.00","Economical Dates","AL BARAKAH BARHI DATES 10KG","Rishi","Local","90.50","2348475.00","2026-02-18 12:46:25.597185","2026-02-18 12:46:25.597185"
360,"2026-02-13","Rishi","Rishi Cold","FARD",NULL,"125276","999.00","10.000","9990.00","Economical Dates","Al Barakah Fard Dates Premium","Rishi","AL BARAKAH","233.00","2327670.00","2026-02-18 12:46:25.597185","2026-02-18 12:46:25.597185"
361,"2026-02-14","Rishi","Rishi Cold","Sayer Dates WEFOOD 5KG",NULL,"125295","2400.00","5.000","12000.00","Economical Dates","Wet Date Sayer ( Unpitted )","Rishi","Local","96.00","1152000.00","2026-02-18 12:46:25.597185","2026-02-18 12:46:25.597185"
362,"2026-02-15","Rishi","Rishi Cold","Sayer Dates WEFOOD 5KG",NULL,"125329","2143.00","5.000","10715.00","Economical Dates","Wet Date Sayer ( Unpitted )","Rishi","Local","96.00","1028640.00","2026-02-18 12:46:25.597185","2026-02-18 12:46:25.597185"
363,"2026-02-15","Rishi","Rishi Cold","Sayer Dates WEFOOD 5KG",NULL,"125329","1285.00","5.000","6425.00","Economical Dates","Wet Date Sayer ( Unpitted )","Rishi","Local","96.00","616800.00","2026-02-18 12:46:25.597185","2026-02-18 12:46:25.597185"
364,"2026-02-15","Rishi","Rishi Cold","Sayer Dates WEFOOD 5KG",NULL,"125320","3483.00","5.000","17415.00","Economical Dates","Wet Date Sayer ( Unpitted )","Rishi","Local","96.00","1671840.00","2026-02-18 12:46:25.597185","2026-02-18 12:46:25.597185"
365,"2026-02-03","Supreme","22797","KHALAS _ Green",NULL,"34693","22.00","10.000","220.00","Economical Dates","Wet Dates Khalas","Supreme","Local","110.00","24200.00","2026-02-18 12:46:25.597185","2026-02-18 12:46:25.597185"
366,"2026-02-03","Supreme","22797","KHALAS _ White",NULL,"34693","1044.00","10.000","10440.00","Economical Dates","Wet Dates Khalas","Supreme","Local","110.00","1148400.00","2026-02-18 12:46:25.597185","2026-02-18 12:46:25.597185"
