inward_dt,unit,inward_no,item_mark,vakkal,lot_no,no_of_cartons,weight_kg,total_inventory_kgs,group_name,item_description,storage_location,exporter,last_purchase_rate,value
2023-07-24,D-39,GR5903,WHITE POWDER,V-2,56059,39,10,390,Date Powder,10KG AL BARAKAH DATE POWDER V2,Savla,AL BARAKAH,215,83850
2023-12-06,D-39,GR14501,BASOOR=OMAN DRY DATES,GRADE 2,77517,49,7,343,Dry Dates,DRY DATES-GRADE 2,Savla,NAKHEEL,241,82663
2023-12-06,D-39,GR14501,BASOOR=OMAN DRY DATES,GRADE 2,77517,14,7,98,Dry Dates,DRY DATES-GRADE 2,Savla,NAKHEEL,241,23618
2023-12-06,D-39,GR14501,BASOOR=OMAN DRY DATES,GRADE 2,77517,9,7,63,Dry Dates,DRY DATES-GRADE 2,Savla,NAKHEEL,241,15183
2023-12-06,D-39,GR14501,BASOOR=OMAN DRY DATES,GRADE 2,77517,3,7,21,Dry Dates,DRY DATES-GRADE 2,Savla,NAKHEEL,241,5061
2023-12-25,D-39,GR15667,-,CUTT,79450,6,15,90,Dry Dates,Seedless Chopped Red Kharik Dry Dates,Savla,Local,250,22500
2024-03-27,D-39,GR21140,KALMI DATES,SAFAVI,90088,2,5,10,Premium Dates,Wet Dates Safavi,Savla,Local,550,5500
2024-03-27,D-39,GR21140,SAFAVI DATES,WHITE,90090,2,5,10,Premium Dates,Wet Dates Safavi,Savla,Local,550,5500
2024-03-30,D-39,GR21328,SAFAVI 5KG,ROYAL DELIGHT,90507,3,5,15,Premium Dates,Wet Dates Safavi,Savla,Local,550,8250
2024-05-30,D-514,GR1590,SAFAWI DATES BROWN BOX,-,71103,1,10,10,Premium Dates,Wet Dates Safavi,Savla,Local,550,5500
2024-05-30,D-514,GR1590,SAFAWI DATES,BROWN & WHITE,71102,1,20,20,Premium Dates,Wet Dates Safavi,Savla,Local,550,11000
2024-06-06,D-39,GR3498,BROWN,-,97941,1,10.896,10.896,Premium Dates,Wet Dates Deglet,Savla,Hadiklaim,522,5687.712
2024-06-12,D-514,GR1968,SAFAWI WHITE BOX,-,71480,1,10,10,Premium Dates,Wet Dates Safavi,Savla,Local,550,5500
2024-06-12,D-514,GR1968,SAFAWI WHITE,-,71478,1,20,20,Premium Dates,Wet Dates Safavi,Savla,Local,550,11000
2024-07-27,D-39,GR6534,WHITE,V-2,93289,114,10,1140,Date Powder,10KG AL BARAKAH DATE POWDER V2,Savla,AL BARAKAH,215,245100
2024-07-27,D-39,GR6534,WHITE,V-2,93289,77,10,770,Date Powder,10KG AL BARAKAH DATE POWDER V2,Savla,AL BARAKAH,215,165550
2024-09-27,D-39,GR10651,WHITE,-,110715,98,10,980,Dry Dates,AL BARAKAH CHOPPED DATES,Savla,AL BARAKAH,110,107800
2024-10-02,D-514,GR4752,ARSH SUKKARY PREMIUM,4.3 KG,75214,111,12,1332,Economical Dates,Wet Dates (Sukkary),Savla,Local,350,466200
2024-10-02,D-514,GR4750,DEGLET NOUR BRANCHES,1299205412,75207,7,5,35,Premium Dates,Wet Dates Deglet,Savla,Hadiklaim,510,17850
2024-11-25,D-39,GR14538,SAAD/ BROWN,BLACK,121319,17,10,170,Economical Dates,AL BARAKAH LULU BLACK DATES-10KG,Savla,AL BARAKAH,182,30940
2024-12-01,D-39,GR14927,SAFAVI DATES,-,122342,3,20,60,Premium Dates,Wet Dates Safavi,Savla,Local,550,33000
2024-12-10,D-39,GR15535,DATE CRUSHED,WHITE,123526,60,10,600,Dry Dates,AL BARAKAH CRUSHED DATES 10KG,Savla,AL BARAKAH,116.6,69960
2024-12-10,D-39,GR15535,DATE POWDER V2,WHITE,123525,923,10,9230,Date Powder,10KG AL BARAKAH DATE POWDER V2,Savla,AL BARAKAH,215,1984450
2025-01-15,D-514,GR7072,SIFA  AJWA S,74229,79000,38,5,190,Premium Dates,Wet Dates Ajwa,Savla,Local,980,186200
2025-01-15,D-514,GR7072,SIAFA  AJWA G,74228,78999,59,5,295,Premium Dates,Wet Dates Ajwa,Savla,Local,980,289100
2025-01-24,D-39,GR18618,AL BARAKAH DATES,DATES POWDER,129815,866,10,8660,Date Powder,10KG AL BARAKAH DATE POWDER V1,Savla,AL BARAKAH,270,2338200
2025-02-10,D-514,GR7683,DATES WET MEDJOUL BABY,5KGX3,79912,9,15,135,Premium Dates,WET DATES MEDJOUL BULK MINI (5),Savla,Hadiklaim,477,64395
2025-02-10,D-514,GR7683,DATE MEDJOUL KING SOLOMON,500 GM,79910,59,8,472,Premium Dates,WET DATES MEDJOUL BULK LARGE (5),Savla,Hadiklaim,817,385624
2025-02-10,D-514,GR7683,DATE MEDJOUL KING SOLOMON,1 KG,79911,7,8,56,Premium Dates,WET DATES MEDJOUL JUMBO,Savla,Hadiklaim,1045,58520
2025-02-11,D-514,GR7699,MEDJOUL SUPER JUMBO,NO.2,79952,9,5,45,Premium Dates,Off-Grade Dates,Savla,Hadiklaim,1139,51255
2025-02-26,D-39,GR20724,-,KING SOLOMON,133830,119,10,1190,Premium Dates,King Solomon Medjoul Dates 500 Gms,Savla,Hadiklaim,817,972230
2025-02-28,D-39,GR20841,DEGLET NOUR BRANCHES,1299205412,133992,1,5,5,Premium Dates,Wet Dates Deglet,Savla,Hadiklaim,510,2550
2025-03-05,D-39,GR21205,AL-BARKAH DATE,-,134588,1592,10,15920,Date Powder,10KG AL BARAKAH DATE POWDER V1,Savla,AL BARAKAH,270,4298400
2025-03-05,D-39,GR21205,AL-BARKAH DATE,-,134588,102,10,1020,Date Powder,10KG AL BARAKAH DATE POWDER V1,Savla,AL BARAKAH,270,275400
2025-03-07,D-39,GR21347,AL BARAKAH,DATE POWDER,134869,370,10,3700,Date Powder,10KG AL BARAKAH DATE POWDER V1,Savla,AL BARAKAH,270,999000
2025-03-19,D-514,GR8554,MDJL LARGE,NO-2,81382,4,5,20,Premium Dates,Off-Grade Dates,Savla,Hadiklaim,200,4000
2025-03-21,D-514,GR8597,ROYAL DELIGHT,AJWA,81466,73,5,365,Premium Dates,Royal Delight Ajwa Dates 5 Kgs,Savla,Local,980,357700
2025-03-24,D-39,GR22314,AL BARAKAH,SAFAVI 500G,132065,3,10,30,Premium Dates,Al Barakaha Safavi Dates 500g,Savla,,700,21000
2025-03-24,D-39,GR22314,RD SAFAVI,250GM,132067,17,5,85,Premium Dates,RD Safavi Dates 250g,Savla,Local,550,46750
2025-03-24,D-39,GR22314,ROYAL DELIGHT,ARABIAN 250G,132066,10,8,80,Economical Dates,Royal Delight Arabian 250gm,Savla,AL BARAKAH,116,9280
2025-03-31,D-514,GR8855,WANAN DATES,12.5 KG,81944,3,12.5,37.5,Organic Dates,Organic Wanan Premium Large,Savla,NAKHEEL,715,26812.5
2025-03-31,D-514,GR8855,SEQEE DATES,12.5 KG,81942,3,12.5,37.5,Organic Dates,Organic Seqee Premium Large,Savla,NAKHEEL,641,24037.5
2025-03-31,D-514,GR8855,SUKHARI BROWN BOX,1 KG,81934,1,10,10,Economical Dates,Wet Dates (Sukkary),Savla,Local,350,3500
2025-03-31,D-514,GR8855,KHIDRI,12.5 KG,81943,1,12.5,12.5,Organic Dates,Organic Khidri Premium Medium,Savla,NAKHEEL,403,5037.5
2025-03-31,D-514,GR8855,DEGLET BROWN BOX,500 GM,81937,10,5,50,Premium Dates,Wet Dates Deglet,Savla,Hadiklaim,510,25500
2025-04-07,D-39,GR465,CRUSHED WHITE,-,138382,3,10,30,Dry Dates,AL BARAKAH CRUSHED DATES 10KG,Savla,AL BARAKAH,127,3810
2025-04-07,D-514,GR117,ORGANIC WANAN,PR.JUMBO,76578,11,12.5,137.5,Organic Dates,Organic Wanan Premium Jumbo,Savla,NAKHEEL,938,128975
2025-04-07,D-514,GR117,ORGANIC WANAN,PR.LARGE,76579,10,12.5,125,Organic Dates,Organic Wanan Premium Large,Savla,NAKHEEL,715,89375
2025-04-30,D-514,GR748,RABIA DETLAND DATES,-,2056,5,5,25,Economical Dates,Wet Dates (Rabia),Savla,Local,187.5,4687.5
2025-05-16,D-39,GR3027,DATE POWDER,-,142972,50,10,500,Date Powder,10KG AL BARAKAH DATE POWDER V1,Savla,AL BARAKAH,270,135000
2025-06-29,D-39,GR5609,AL BARAKAH,MIX,147739,32,10,320,Date Powder,10KG AL BARAKAH DATE POWDER V1,Savla,AL BARAKAH,270,86400
2025-09-24,D-39,GR10777,AL BARAKAH,-,156985,1529,10,15290,Date Powder,10KG AL BARAKAH DATE POWDER V1,Savla,AL BARAKAH,280,4281200
2025-10-04,D-39,GR11598,AL BARAKAH,-,159001,49,10,490,Economical Dates,AL BARAKAH SAYER DATES 10KG,Savla,AL BARAKAH,99,48510
2025-10-16,D-514,GR5011,IRAN BAM MIX,-,8004,385,6.9,2656.5,Economical Dates,Wet Dates (Mazafati),Savla,,240,637560
2025-10-22,D-39,GR12815,AL BARAKAH,-,162607,,12.5,,Date Paste,AL BARAKAH DATE PASTE 12.5KG,Savla,AL BARAKAH,85,
2025-11-04,D-39,GR13565,KIMIA GOLD,-,164985,342,6.8,2325.6,Economical Dates,Wet Dates (Mazafati),Savla,,200,465120
2025-11-19,D-514,GR5839,AJWA PREMIUM (JFD)8883,-,9620,5,5,25,Premium Dates,Wet Dates Ajwa,Savla,,675,16875
2025-11-19,D-514,GR5839,AJWA REGULAR (JFD) 8884,-,9621,50,5,250,Premium Dates,Wet Dates Ajwa,Savla,,675,168750
2025-11-20,D-39,GR14955,AL FAJR,LARGE PREMIUM,168296,143,5,715,Premium Dates,WET DATES MEDJOUL BULK LARGE (5),Savla,Local,775,554125
2025-11-20,D-39,GR14954,ARWA GREEN,LARGE DELIGHT,168297,159,5,795,Premium Dates,WET DATES MEDJOUL BULK LARGE (5),Savla,Local,775,616125
2025-12-13,D-514,GR6454,AJWA REGULAR [8884],-,10798,15,5,75,Premium Dates,Wet Dates Ajwa,Savla,,675,50625
2025-12-13,D-514,GR6454,SIAFA MABROOM REGUL.[8701],-,10801,45,5,225,Premium Dates,Wet Dates (Mabroom),Savla,,800,180000
2026-01-05,D-39,GR18060,DATE SYRUP,AL BARKH,176393,465,25,11625,Date Syrup,25KG AL BARAKAH DATE SYRUP V1,Savla,AL BARAKAH,109.8,1276425
2026-01-05,D-39,GR18127,DATE SYRUP,-,176443,856,25,21400,Date Syrup,25KG AL BARAKAH DATE SYRUP V1,Savla,AL BARAKAH,109.8,2349720
2026-01-12,D-514,GR7119,AJWA WHITE BOX,-,12108,200,5,1000,Premium Dates,Wet Dates Ajwa,Savla,,675,675000
2026-01-18,D-514,GR7275,SUPER SELECT SAFAWI,SP,12328,21,5,105,Premium Dates,Wet Dates Safavi,Savla,,248,26040
2026-01-18,D-514,GR7275,SUPER SELECT AJWA,A,12325,916,5,4580,Premium Dates,Wet Dates Ajwa,Savla,,248,1135840
2026-01-18,D-514,GR7275,SUPER SELECT SAFAWI,SS,12324,690,5,3450,Premium Dates,Wet Dates Safavi,Savla,,435,1500750
2026-01-18,D-514,GR7275,SUPER SELECT SAFAWI,SS,12324,970,5,4850,Premium Dates,Wet Dates Safavi,Savla,,435,2109750
2026-01-18,D-514,GR7275,AL BARAKH BUCKET,-,12323,384,25,9600,Date Syrup,25KG AL BARAKAH DATE SYRUP V1,Savla,AL BARAKAH,118.32,1135872
2026-01-18,D-39,GR18934,AL BARAKAH SYRUP,-,177987,1317,4.8,6321.599999999999,Date Syrup,AL BARAKAH DATES SYRUP 400G,Savla,AL BARAKAH,343.2,2169573.12
2026-01-18,D-39,GR18934,AL BARAKAH DATE POWDER,-,177988,200,10,2000,Date Powder,10KG AL BARAKAH DATE POWDER V1,Savla,AL BARAKAH,280,560000
2026-01-18,D-39,GR18934,AL BARAKAH,PASTE,177986,211,12.5,2637.5,Date Paste,AL BARAKAH DATE PASTE 12.5KG,Savla,AL BARAKAH,85,224187.5
2026-01-19,D-39,GR18963,AL BARAKH SYRUP,400 GM,168714,19,4.8,91.2,Date Syrup,AL BARAKAH DATES SYRUP 400G,Savla,AL BARAKAH,343.2,31299.84
2026-01-29,D-514,GR7518,SAFAWI DATES(WHITE BOX ),-,12324,184,5,920,Premium Dates,Wet Dates Safavi,Savla,,435,400200
2026-02-04,D-514,GR7675,MEDJOUL DATELAND (9970),-,13039,118,5,590,Premium Dates,WET DATES MEDJOUL BULK MINI (5),Savla,Local,675,398250
2026-02-16,D-39,GR20651,DATE SYRUP,AL-BARKH,176393,19,25,475,Date Syrup,25KG AL BARAKAH DATE SYRUP V1,Savla,AL BARAKAH,109.8,52155
2024-02-27,D-39,GR19491,ROASTED,A-185-RMSIZE6,86683,30,11.34,340.2,Macadamia,Macadamia Roasted - Size 6,Savla,,900,306180
2024-02-28,D-39,GR19567,ROASTED NIS SAWN PASTE,A-185 RM,86838,12,12,144,Macadamia Paste,Macadamia Paste,Savla,,1676.8,241459.2
2024-10-09,D-39,GR11739,WHOLE,APPLE INFUSED,113027,2,9.08,18.16,Blueberry,Dried Blueberry Apple Infused,Savla,Tajir,1270,23063.2
2024-10-26,D-39,GR12937,DRY ROASTED MACAAMIA,PASTE 2KG,109237,2,12,24,Macadamia Paste,Macadamia Paste,Savla,,1676.8,40243.2
2024-11-08,D-514,GR5551,ORGANIC MEDJOUL,PR.LARGE,76581,7,5,35,Organic Dates,Organic Medjool Premium Large,Savla,NAKHEEL,730,25550
2024-11-08,D-514,GR5550,ORGANIC KHIDRI,PR.MEDIUM,76577,49,12.5,612.5,Organic Dates,Organic Khidri Premium Medium,Savla,NAKHEEL,403,246837.5
2024-11-08,D-514,GR5551,ORGANIC KHIDRI,PR.LARGE,76576,35,12.5,437.5,Organic Dates,Organic Khidri Large dates,Savla,NAKHEEL,462,202125
2024-11-14,D-514,GR5704,ORAGNIC KHIDRI,PR.MEDIUM,76577,38,12.5,475,Organic Dates,Organic Khidri Premium Medium,Savla,NAKHEEL,403,191425
2024-11-14,D-39,GR13889,MARAUIS,STYLE4 SALTED,119159,3,11.34,34.02,Macadamia,Macadamia Roasted Salted - Size 4,Savla,,1277,43443.53999999999
2024-11-16,D-514,GR5739,ORAGNIC SEQCE LARGE,LARGE,76870,1,12.5,12.5,Organic Dates,Organic Seqee Premium Large,Savla,NAKHEEL,641,8012.5
2024-11-27,D-514,GR5973,ORGANIC KHIDRI LARGE,-,77155,2,12.5,25,Organic Dates,Organic Khidri Large dates,Savla,NAKHEEL,462,11550
2024-11-27,D-514,GR5973,ORGANIC KHIDRI MEDIUM,-,77154,1,12.5,12.5,Organic Dates,Organic Khidri Premium Medium,Savla,NAKHEEL,403,5037.5
2024-12-01,D-514,GR6074,ORGANIC SEQEE,PREMIUM LARGE,76583,1,12.5,12.5,Organic Dates,Organic Seqee Premium Large,Savla,NAKHEEL,641,8012.5
2024-12-01,D-514,GR6074,ORGANIC AJWA,PR. JUMBO,76868,1,5,5,Organic Dates,Organic Ajwa Premium Large,Savla,NAKHEEL,789,3945
2024-12-04,D-39,GR15092,WHOLE,APPLE INFUSEL,113027,6,9.08,54.48,Blueberry,Dried Blueberry Apple Infused,Savla,Tajir,1270,69189.6
2025-01-20,D-39,GR18282,BROWN,SRK-100-99,129048,14,15,210,Raisins,Indian Green Raisins,Savla,,295,61950
2025-01-28,D-39,GR18832,SRK-24,-,130273,11,15,165,Raisins,Indian Green Raisins,Savla,,295,48675
2025-02-02,D-39,GR19184,KING SALOMONS,502461345,130939,4,5,20,Premium Dates,Medjoul Dates Medium,Savla,Hadiklaim,712,14240
2025-02-27,D-39,GR20770,SGPC BROWN BOX,EX LARGE,133878,29,13.6,394.4,Pecan Nut,Pecan Nuts,Savla,,1380,544272
2025-03-04,D-39,GR21100,SOUTH GEORGIA,LARGE,134478,5,13.6,68,Pecan Nut,Pecan Nuts,Savla,,1380,93840
2025-03-07,D-39,GR21313,SOUTH GEORGIA,-,134856,5,13.6,68,Pecan Nut,Pecan Nuts,Savla,,1380,93840
2025-03-19,D-514,GR8551,ORGANIC KHUDRI BROWN BOX,12 KG,81383,6,12.5,75,Organic Dates,Organic Khidri Large dates,Savla,NAKHEEL,462,34650
2025-03-20,D-39,GR22089,SRK-28,-,136258,5,15,75,Raisins,Indian Green Raisins,Savla,,295,22125
2025-03-29,D-39,GR22729,MARQUIS STYLE 4L COOKED P,-,137391,46,11.34,521.64,Macadamia,Macadamia Roasted - Size 4L,Savla,,1290,672915.6
2025-04-17,D-39,GR1178,MEHMET,200 GM,139652,,,,,,,,,
2025-04-23,D-39,GR1601,DOST,6-8 MM,140344,18,10,180,Hazelnut,Hazelnut Kernal,Savla,,1060,190800
2025-04-30,D-514,GR747,KHIDRI LARGE ORGANIC,1 KG,2057,1,8,8,Organic Dates,Organic Khidri Large dates,Savla,NAKHEEL,462,3696
2025-04-30,D-514,GR747,ORGANIC WANAN LARGE,1 KG,2059,1,12,12,Organic Dates,Organic Wanan Premium Large,Savla,NAKHEEL,715,8580
2025-04-30,D-514,GR747,ORGANIC SEQEE LARGE,1 KG,2058,1,12,12,Organic Dates,Organic Seqee Premium Large,Savla,NAKHEEL,641,7692
2025-04-30,D-514,GR747,KHUDRI LARGE,1 KG,2060,1,16,16,Organic Dates,Organic Khidri Large dates,Savla,NAKHEEL,462,7392
2025-06-12,D-39,GR4381,BOB-68-13,-,141756,11,15,165,Raisins,Indian Green Raisins,Savla,,288,47520
2025-07-16,D-514,GR2804,DEGLET NOOR,552420399,4523,36,5,180,Premium Dates,Deglet Dates,Savla,Hadiklaim,510,91800
2025-07-18,D-39,GR6846,FANCY DRY ROASTED,SGP -BROWN,149845,6,13.6,81.6,Pecan Nut,Pecan Nuts,Savla,,1380,112608
2025-07-24,D-514,GR3016,MEDJOUL MIX,NO-2,4905,118,5,590,Premium Dates,Off-Grade Dates,Savla,,200,118000
2025-07-29,D-39,GR7485,MARQUIS SAWN 22+SP,-,150930,44,10,440,Macadamia,Macadamia Vanilla Whole - 320* Cut,Savla,,625,275000
2025-07-30,D-39,GR7579,STYLE 4 L COOKED P,-,151105,4,11.34,45.36,Macadamia,Macadamia Roasted Salted - Size 4,Savla,,1500,68040
2025-08-04,D-39,GR7901,DRY ROAST,STYLE -6,151709,1,11.34,11.34,Macadamia,Macadamia Roasted - Size 6,Savla,,900,10206
2025-08-05,D-39,GR7967,MEDURI,WHOLE,151836,6,4.54,27.24,Cranberry,Dried Cranberry Whole,Savla,Tajir,890,24243.6
2025-08-26,D-39,GR9080,-,0 L,153333,3,11.34,34.02,Macadamia,Macadamia Roasted - Size 0,Savla,,1790,60895.8
2025-09-29,D-514,GR4577,DEGL.NOOR BRANCH(6903,502420403,7232,198,5,990,Premium Dates,Deglet Dates,Savla,Hadiklaim,527,521730
2025-09-29,D-514,GR4577,DEGL.NOOR BRANCH(6902,552420400,7231,198,5,990,Premium Dates,Deglet Dates,Savla,Hadiklaim,527,521730
2025-10-09,D-39,GR11994,MEDURI,WHOLE 090191,160135,30,4.54,136.2,Cranberry,Dried Cranberry Whole,Savla,Tajir,890,121218
2025-10-10,D-514,GR4846,MEDJOUL NO-2,MIX,7760,249,5,1245,Premium Dates,Off-Grade Dates,Savla,,200,249000
2025-10-20,D-39,GR12735,GDT-26,-,162411,6,15,90,Raisins,Indian Green Raisins,Savla,,420,37800
2025-10-28,D-39,GR13070,ORGANIK LARGE,-,162095,723,5,3615,Organic Dates,Aldaka Medjoul Large,Savla,NAKHEEL,900.77,3256283.55
2025-10-28,D-39,GR13070,ORGANIK JUMBO,-,162094,680,5,3400,Organic Dates,Aldaka Medjoul Jumbo,Savla,NAKHEEL,1089.42,3704028
2025-10-29,D-39,GR13135,ORGANIK LARGE,-,162095,16,5,80,Organic Dates,Aldaka Medjoul Large,Savla,NAKHEEL,900.77,72061.6
2025-11-03,D-39,GR13525,MARQUIS,STYLE SAWN 22,164947,4,10,40,Macadamia,Macadamia Vanilla Whole - 320* Cut,Savla,,625,25000
2025-11-08,D-39,GR13952,KING SALOMAN JUNR JTC,502556537,165912,10,5,50,Premium Dates,Medjoul Dates Junior,Savla,Hadiklaim,613,30650
2025-11-15,D-514,GR5756,ORAGANIC SEQCE LARGE,-,9498,23,5,115,Organic Dates,Organic Seqee Premium Large,Savla,NAKHEEL,565,64975
2025-11-15,D-514,GR5756,ORAGANIC WANUN JUMBO,-,9497,79,5,395,Organic Dates,Organic Wanan Premium Jumbo,Savla,NAKHEEL,845,333775
2025-11-15,D-514,GR5756,WANUN LARGE ORGANIC,-,9496,45,5,225,Organic Dates,Organic Wanan Premium Large,Savla,NAKHEEL,635,142875
2025-11-15,D-514,GR5756,ORGANIC KHIDRI S JUMBO,-,9495,73,5,365,Organic Dates,Organic Khidri Special Jumbo,Savla,NAKHEEL,732,267180
2025-11-15,D-39,GR14575,AL BARAKAH KHALAS,VR,167587,500,10,5000,Economical Dates,AL BARAKAH KHALAS DATES,Savla,AL BARAKAH,116,580000
2025-11-18,D-39,GR14753,MACADAMIA NUT K STYLE 1 L,-,167919,85,11.34,963.9,Macadamia,Macadamia Roasted - Size 1,Savla,,1820.3,1754587.17
2025-11-18,D-39,GR14753,MACADAMIA NUT K STYLE 0,-,167920,149,11.34,1689.66,Macadamia,Macadamia Roasted - Size 0,Savla,,1964.45,3319252.587
2025-11-18,D-39,GR14754,MACADAMIA MILK CHOCLATE,-,167915,54,7.5,405,Macadamia,Macadamia Nut Milk Chocolate,Savla,,2859.54,1158113.7
2025-11-18,D-39,GR14754,MACADAMIA DARK CHOLTES,-,167916,54,7.5,405,Macadamia,Macadamia Nut Dark Chocolate,Savla,,2859.54,1158113.7
2025-11-18,D-39,GR14754,HONEY ROASTED MACADAMIA,-,167917,40,10,400,Macadamia,Macadamia Nut Honey Roasted,Savla,,2461.79,984716
2025-11-18,D-39,GR14754,SWEET CHIILI MACA MIA NUTS,-,167918,40,10,400,Macadamia,Macadamia Nut Sweet Chilli,Savla,,2461.79,984716
2025-11-20,D-39,GR15015,-,SLICE,168348,57,11.34,646.38,Cranberry,Dried Cranberry Sliced,Savla,Tajir,365,235928.7
2025-11-25,D-514,GR6001,DEGHLET,-,9976,10,5,50,Premium Dates,Deglet Dates,Savla,Hadiklaim,527,26350
2025-11-25,D-514,GR5992,MDJL SUP JUMBO PR 9400,5025615467,9896,39,5,195,Premium Dates,Medjoul Dates Super Jumbo,Savla,Hadiklaim,1127,219765
2025-11-25,D-514,GR6001,ORIENTAL,-,9977,24,5,120,Economical Dates,Deri Dates,Savla,Hadiklaim,303,36360
2025-12-04,D-514,GR6226,MEDJOUL MIX BOX,-,10470,47,5,235,Premium Dates,WET DATES MEDJOUL BULK LARGE (5),Savla,Hadiklaim,860,202100
2025-12-06,D-514,GR6286,MEDJOUL LARGE,HM,10570,10,5,50,Premium Dates,Medjoul Large,Savla,Hadiklaim,860,43000
2025-12-09,D-514,GR6353,BROWN BOX,-,10665,2,10,20,Macadamia,Macadamia Roasted - Size 6,Savla,,900,18000
2025-12-20,D-39,GR17097,SAAD CREAM PREMIUM,KHALAS-LI,174028,73,10,730,Economical Dates,AL BARAKAH KHALAS DATES,Savla,AL BARAKAH,116,84680
2025-12-20,D-514,GR6624,MANIK WHITE(9524),NB 777,11204,191,16,3056,Raisins,Afghan Black Raisins Seedless 1*2,Savla,,370,1130720
2025-12-30,D-39,GR17727,MEDURI CRANBERRY  WHOLE,-,175580,100,4.54,454,Cranberry,Dried Cranberry Whole,Savla,Tajir,890,404060
2026-01-04,D-39,GR18051,SUPER JUMBO,502563489,176274,207,5,1035,Premium Dates,Medjoul Dates Super Jumbo,Savla,Hadiklaim,1140,1179900
2026-01-04,D-39,GR18051,SUPER JUMBO,502563490,176267,103,5,515,Premium Dates,Medjoul Dates Super Jumbo,Savla,Hadiklaim,1140,587100
2026-01-08,D-39,GR18320,NUTHILL,ARA,176905,54,5,270,Pistachios,Pista Kernel,Savla,,1904.76,514285.2
2026-01-09,D-514,GR7065,BROWN BOX MDJL BOB BON,4KGX2,11992,11,7,77,Premium Dates,Medjoul Dates Premium Bon Bon,Savla,,1425,109725
2026-01-10,D-39,GR18430,OCEAN SPRAY WHOLE,WHOLE,176901,251,11.34,2846.34,Cranberry,Dried Cranberry Whole,Savla,,415,1181231.1
2026-01-11,D-514,GR7106,MEDJOUL SUPER JUMBO,1350205472,12076,208,5,1040,Premium Dates,Medjoul Dates Super Jumbo,Savla,Hadiklaim,1152,1198080
2026-01-11,D-514,GR7106,MEDJOUL SUPER JUMBO,1350205472.,12077,207,5,1035,Premium Dates,Medjoul Dates Super Jumbo,Savla,Hadiklaim,1152,1192320
2026-01-14,D-39,GR18736,ROASST SALTED INSHELL,-,177605,24,10,240,Macadamia,MACADAMIA NIS - ROASTED SEA SALT,Savla,Crestnut,910,218400
2026-01-14,D-39,GR18736,ROSEMARY & SEA SALL,B111,177604,24,10,240,Macadamia,MACADAMIA ROSEMARY & SEA SALT,Savla,Crestnut,1785,428400
2026-01-14,D-39,GR18736,WASABI KERNAL,B105,177603,24,10,240,Macadamia,WASABI MACADAMIA STYLE 4,Savla,Crestnut,1785,428400
2026-01-14,D-39,GR18736,FINGERLINE JALAPENO,B119,177602,25,10,250,Macadamia,MACADAMIA FINGER LIME & JALAPENO,Savla,Crestnut,1785,446250
2026-01-15,D-39,GR18760,CALIFORNIA PISTACHIOS,25# JTC,177590,94,11.34,1065.96,Pistachios,California Pista Inshell,Savla,JTC,1040,1108598.4
2026-01-15,D-39,GR18760,WHITE BAG BLACK PATTI,26-28 JTC,177591,117,50,5850,Pistachios,Pista Inshell Iranian 26-28,Savla,JTC,1000,5850000
2026-01-15,D-39,GR18760,WHITE BAG BLACK PATTI,26-28 JTC,177591,68,50,3400,Pistachios,Pista Inshell Iranian 26-28,Savla,JTC,1000,3400000
2026-01-15,D-39,GR18760,CALIFORNIA PISTACHIOS,25# JTC,177590,108,11.34,1224.72,Pistachios,California Pista Inshell,Savla,JTC,1040,1273708.8
2026-01-15,D-39,GR18760,CALIFORNIA PISTACHIOS,25# JTC,177590,77,11.34,873.18,Pistachios,California Pista Inshell,Savla,JTC,1040,908107.2
2026-01-15,D-39,GR18760,CALIFORNIA PISTACHIOS,25# JTC,177590,81,11.34,918.54,Pistachios,California Pista Inshell,Savla,JTC,1040,955281.6
2026-01-15,D-39,GR18760,CALIFORNIA PISTACHIOS,25# JTC,177590,77,11.34,873.18,Pistachios,California Pista Inshell,Savla,JTC,1040,908107.2
2026-01-15,D-39,GR18760,CALIFORNIA PISTACHIOS,25# JTC,177590,86,11.34,975.24,Pistachios,California Pista Inshell,Savla,JTC,1040,1014249.6
2026-01-15,D-39,GR18760,CALIFORNIA PISTACHIOS,25# JTC,177590,77,11.34,873.18,Pistachios,California Pista Inshell,Savla,JTC,1040,908107.2
2026-01-16,D-39,GR18828,AMERILAN,SLICED,177834,4,11.34,45.36,Cranberry,Dried Cranberry Sliced,Savla,,340,15422.4
2026-01-16,D-39,GR18828,CARTER,SHELLED,177832,59,13.51,797.09,Pecan Nut,Pecan Nuts,Savla,,1425,1135853.25
2026-01-18,D-39,GR18900,OCEANSPRAY WH98008,-,177973,300,11.34,3402,Cranberry,Dried Cranberry Whole,Savla,,415,1411830
2026-01-19,D-39,GR18995,OCEANSPRAY,SLICE,178086,400,11.34,4536,Cranberry,Dried Cranberry Whole,Savla,,425,1927800
2026-01-20,D-514,GR7309,ORIENTAL DATE BROWN BOX,250 GM,12392,5,5,25,Economical Dates,King Solomon Oriental Dates 250g,Savla,Hadiklaim,340,8500
2026-01-27,D-514,GR7474,MDJL LARGE,602504579,10570,50,5,250,Premium Dates,Medjoul Large,Savla,Hadiklaim,860,215000
2026-01-27,D-39,GR19424,CEAN-SPRAY,SLICE,164028,27,11.34,306.18,Cranberry,Cranberry Slice Apple Infused,Savla,Tajir,470,143904.6
2026-01-31,D-39,GR19678,OCEANS PRAY,WHOLE,179566,856,11.34,9707.039999999999,Cranberry,Dried Cranberry Whole,Savla,Tajir,425,4125492
2026-02-03,D-39,GR19830,442500874,LARGE PREMIUM,179931,208,5,1040,Premium Dates,Medjoul Dates Large,Savla,Hadiklaim,871.2,906048
2026-02-03,D-39,GR19830,4425800881,LARGE PREMIUM,179932,208,5,1040,Premium Dates,Medjoul Dates Large,Savla,Hadiklaim,871.2,906048
2026-02-03,D-39,GR19830,442501138,LARGE PREMIUM,179934,208,5,1040,Premium Dates,Medjoul Dates Large,Savla,Hadiklaim,871.2,906048
2026-02-03,D-39,GR19830,602815562,MEDIUM PREMIU,179935,78,5,390,Premium Dates,Medjoul Dates Medium,Savla,Hadiklaim,753.28,293779.2
2026-02-03,D-39,GR19830,562572313,MEDIUM PREMIU,179963,128,5,640,Premium Dates,Medjoul Dates Medium,Savla,Hadiklaim,753.28,482099.2
2026-02-03,D-514,GR7640,MEDJOUL MEDIUM,500 GM,12977,12,8,96,Premium Dates,King Solomon Medjoul Dates Medium 500g,Savla,Hadiklaim,850,81600
2026-02-03,D-514,GR7640,MEDJOUL JUNIOR,500 GM,12979,8,8,64,Premium Dates,King Solomon Medjoul Junior 500g,Savla,Hadiklaim,700,44800
2026-02-03,D-39,GR19837,AMERICAN-CARTER MIX BOX,-,179980,7,13.6,95.2,Pecan Nut,Pecan Nuts,Savla,,1425,135660
2026-02-03,D-39,GR19830,602514203,S J PREMIUM,179917,208,5,1040,Premium Dates,Medjoul Dates Super Jumbo,Savla,Hadiklaim,1152,1198080
2026-02-03,D-39,GR19830,672526173,DERI ORIENTAL,179919,108,5,540,Economical Dates,Deri Dates,Savla,Hadiklaim,303,163620
2026-02-03,D-39,GR19830,442500878,LARGE PREMIUM,179921,77,5,385,Premium Dates,Medjoul Dates Large,Savla,Hadiklaim,871.2,335412
2026-02-03,D-39,GR19830,602514202,S J PREMIUM,179923,208,5,1040,Premium Dates,Medjoul Dates Super Jumbo,Savla,Hadiklaim,1152,1198080
2026-02-03,D-39,GR19830,672526172,DERI ORIENTAL,179924,196,5,980,Economical Dates,Deri Dates,Savla,Hadiklaim,303,296940
2026-02-03,D-39,GR19830,602503294,MEDIUM PREMIU,179927,184,5,920,Premium Dates,Medjoul Dates Medium,Savla,Hadiklaim,753.28,693017.6
2026-02-03,D-39,GR19830,442500884,LARGE PREMIUM,179928,116,5,580,Premium Dates,Medjoul Dates Large,Savla,Hadiklaim,871.2,505296
2026-02-03,D-39,GR19830,442500930,LARGE PREMIUM,179929,208,5,1040,Premium Dates,Medjoul Dates Large,Savla,Hadiklaim,871.2,906048
2026-02-03,D-39,GR19830,442500872,LARGE PREMIUM,179930,208,5,1040,Premium Dates,Medjoul Dates Large,Savla,Hadiklaim,871.2,906048
2026-02-04,D-39,GR19922,BROWN,MIDGET,180127,33,20,660,Brazil Nut,Brazil Nut,Savla,,2401,1584660
2026-02-04,D-39,GR19922,BROWN,12 KG,180126,399,11.34,4524.66,Cranberry,Dried Cranberry Whole,Savla,,345,1561007.7
2026-02-04,D-39,GR19922,CARTER PECAN,12KG,180125,119,13.6,1618.4,Pecan Nut,Pecan Nuts,Savla,,1425,2306220
2026-02-06,D-514,GR7723,MEDJOUL JUMBO,1350905471,13113,210,5,1050,Premium Dates,MEDJOUL DATES JUMBO,Savla,Hadiklaim,1057,1109850
2026-02-06,D-39,GR20053,MED.LARGE PREMIUM,602514556,180374,210,5,1050,Premium Dates,Medjoul Dates Large,Savla,Hadiklaim,871.2,914760
2026-02-06,D-39,GR20053,MED. JUMBO PREMIUM,672526097,180375,209,5,1045,Premium Dates,MEDJOUL DATES JUMBO,Savla,Hadiklaim,1057,1104565
2026-02-06,D-39,GR20053,MED.LARGE PREMIUM,602514555,180373,210,5,1050,Premium Dates,Medjoul Dates Large,Savla,Hadiklaim,871.2,914760
2026-02-06,D-39,GR20053,MED.LARGE PREMIUM,602514553,180372,210,5,1050,Premium Dates,Medjoul Dates Large,Savla,Hadiklaim,871.2,914760
2026-02-06,D-39,GR20053,MED.S.JUMBO PREMIUM,602514260,180371,210,5,1050,Premium Dates,Medjoul Dates Super Jumbo,Savla,Hadiklaim,1152,1209600
2026-02-06,D-39,GR20053,MED.S.JUMBO PREMIUM,602514259,180370,210,5,1050,Premium Dates,Medjoul Dates Super Jumbo,Savla,Hadiklaim,1152,1209600
2026-02-06,D-39,GR20053,MED.S.JUMBO PREMIUM,502572002,180369,210,5,1050,Premium Dates,Medjoul Dates Super Jumbo,Savla,Hadiklaim,1152,1209600
2026-02-06,D-39,GR20053,MED.S.JUMBOPREMIUM,502572001,180368,210,5,1050,Premium Dates,Medjoul Dates Super Jumbo,Savla,Hadiklaim,1152,1209600
2026-02-06,D-39,GR20053,DEGLET NOUR BRANCHES,552520202,180367,200,5,1000,Premium Dates,Deglet Dates,Savla,Hadiklaim,527,527000
2026-02-06,D-514,GR7722,ORIENTAL DERI BULK,1750105035,13116,200,5,1000,Economical Dates,Deri Dates,Savla,Hadiklaim,303,303000
2026-02-06,D-514,GR7722,ORIENTAL DERI BULK,1750105035,13120,200,5,1000,Economical Dates,Deri Dates,Savla,Hadiklaim,303,303000
2026-02-06,D-514,GR7722,ORIENTAL DERI BULK,1750105035,13119,200,5,1000,Economical Dates,Deri Dates,Savla,Hadiklaim,303,303000
2026-02-06,D-514,GR7722,ORIENTAL DERI BULK,1750105035,13118,200,5,1000,Economical Dates,Deri Dates,Savla,Hadiklaim,303,303000
2026-02-06,D-514,GR7722,ORIENTAL DERI BULK,1750105035,13117,200,5,1000,Economical Dates,Deri Dates,Savla,Hadiklaim,303,303000
2026-02-06,D-514,GR7722,MDJOUL JUMBO,1350905471,13112,210,5,1050,Premium Dates,MEDJOUL DATES JUMBO,Savla,Hadiklaim,1057,1109850
2026-02-06,D-514,GR7722,MDJOUL JUMBO,1350905471,13111,210,5,1050,Premium Dates,MEDJOUL DATES JUMBO,Savla,Hadiklaim,1057,1109850
2026-02-06,D-514,GR7723,MEDJOUL LARGE,1350905480,13115,210,5,1050,Premium Dates,Medjoul Dates Large,Savla,Hadiklaim,871.2,914760
2026-02-06,D-514,GR7723,MEDJOUL JUMBO,1350905471,13114,210,5,1050,Premium Dates,MEDJOUL DATES JUMBO,Savla,Hadiklaim,1057,1109850
2026-02-06,D-39,GR20053,MED. JUMBO PREMIUM,60251240,180376,210,5,1050,Premium Dates,MEDJOUL DATES JUMBO,Savla,Hadiklaim,1057,1109850
2026-02-08,D-39,GR20161,JORDAN RIVER,LARGE,180636,210,5,1050,Premium Dates,Medjoul Dates Large,Savla,Hadiklaim,871.2,914760
2026-02-08,D-39,GR20161,JORDAN RIVER,LARGE,180637,210,5,1050,Premium Dates,Medjoul Dates Large,Savla,Hadiklaim,871.2,914760
2026-02-08,D-39,GR20161,JORDAN RIVER,LARGE,180638,210,5,1050,Premium Dates,Medjoul Dates Large,Savla,Hadiklaim,871.2,914760
2026-02-08,D-39,GR20161,JORDAN RIVER,S.JUMBO,180635,210,5,1050,Premium Dates,Medjoul Dates Super Jumbo,Savla,Hadiklaim,1152,1209600
2026-02-08,D-39,GR20161,JORDAN RIVER,S.JUMBO,180634,210,5,1050,Premium Dates,Medjoul Dates Super Jumbo,Savla,Hadiklaim,1152,1209600
2026-02-08,D-39,GR20161,JORDAN RIVER,S.JUMBO,180633,210,5,1050,Premium Dates,Medjoul Dates Super Jumbo,Savla,Hadiklaim,1152,1209600
2026-02-08,D-39,GR20161,JORDAN RIVER,AMRY,180632,200,5,1000,Premium Dates,Amary Dates,Savla,Hadiklaim,315,315000
2026-02-08,D-39,GR20161,JORDAN RIVER,MEDIUM,180631,210,5,1050,Premium Dates,Medjoul Dates Medium,Savla,Hadiklaim,753.28,790944
2026-02-08,D-39,GR20161,JORDAN RIVER,MEDIUM,180630,210,5,1050,Premium Dates,Medjoul Dates Medium,Savla,Hadiklaim,753.28,790944
2026-02-08,D-39,GR20161,JORDAN RIVER,MEDIAM,180629,210,5,1050,Premium Dates,Medjoul Dates Medium,Savla,Hadiklaim,753.28,790944
2026-02-08,D-39,GR20161,JORDAN RIVER,JUMBO,180628,210,5,1050,Premium Dates,MEDJOUL DATES JUMBO,Savla,Hadiklaim,1057,1109850
2026-02-08,D-39,GR20161,ORIENTAL DATES,XXL,180648,200,5,1000,Economical Dates,Deri Dates,Savla,Hadiklaim,303,303000
2026-02-08,D-39,GR20161,SUPER JUICY,XXL,180647,59,3.5,206.5,Premium Dates,Medjoul Dates Premium Bon Bon,Savla,Hadiklaim,1350,278775
2026-02-08,D-39,GR20161,JORDAN RIVER,LARGE,180646,210,5,1050,Premium Dates,Medjoul Dates Large,Savla,Hadiklaim,871.2,914760
2026-02-08,D-39,GR20161,JORDAN RIVER,LARGE,180645,210,5,1050,Premium Dates,Medjoul Dates Large,Savla,Hadiklaim,871.2,914760
2026-02-08,D-39,GR20161,JORDAN RIVER,JUMBO,180644,210,5,1050,Premium Dates,MEDJOUL DATES JUMBO,Savla,Hadiklaim,1057,1109850
2026-02-08,D-39,GR20161,JORDAN RIVER,JUMBO,180643,210,5,1050,Premium Dates,MEDJOUL DATES JUMBO,Savla,Hadiklaim,1057,1109850
2026-02-08,D-39,GR20161,JORDAN RIVER,DEGLET NOUR,180642,200,5,1000,Premium Dates,Deglet Dates,Savla,Hadiklaim,527,527000
2026-02-08,D-39,GR20161,JORDAN RIVER,LARGE,180641,210,5,1050,Premium Dates,Medjoul Dates Large,Savla,Hadiklaim,871.2,914760
2026-02-08,D-39,GR20161,JORDAN RIVER,LARGE,180640,210,5,1050,Premium Dates,Medjoul Dates Large,Savla,Hadiklaim,871.2,914760
2026-02-08,D-39,GR20161,JORDAN RIVER,LARGE,180639,210,5,1050,Premium Dates,Medjoul Dates Large,Savla,Hadiklaim,871.2,914760
2026-02-09,D-39,GR20210,DATELAND MEDIUM,-,180824,375,5,1875,Premium Dates,Medjoul Dates Medium,Savla,Local,681,1276875
2026-02-11,D-39,GR20313,ORIENTAL DATES,-,180985,183,5,915,Economical Dates,Deri Dates,Savla,Hadiklaim,303,277245
2026-02-11,D-39,GR20313,-,JA-10,180986,29,10,290,Raisins,Indian Green Raisins,Savla,,405,117450
2026-02-11,D-514,GR7848,DERI BULK 9127,1750105035,13259,200,5,1000,Economical Dates,Deri Dates,Savla,Hadiklaim,303,303000
2026-02-11,D-514,GR7848,DERI BULK 9124,1750105035,13256,200,5,1000,Economical Dates,Deri Dates,Savla,Hadiklaim,303,303000
2026-02-11,D-514,GR7847,DERI BULK 9126,1750105035,13258,200,5,1000,Economical Dates,Deri Dates,Savla,Hadiklaim,303,303000
2026-02-11,D-514,GR7847,DERI BULK 9121,1750105035,13255,100,5,500,Economical Dates,Deri Dates,Savla,Hadiklaim,303,151500
2026-02-11,D-514,GR7847,DERI BULK 9125,1750105035,13257,200,5,1000,Economical Dates,Deri Dates,Savla,Hadiklaim,303,303000
2026-02-16,D-39,GR20645,-,-,181841,40,12.5,500,Black Currant,GREEK DARK SEEDLESS RAISINS (Black Currant),Savla,Tajir,550,275000
2026-01-21,D-514,GR7360,MDJL LARGE PREM,602512331,12449,210,5,1050,Premium Dates,Medjoul Dates Large,Savla Bond,Hadiklaim,871.2,914760
2026-01-21,D-514,GR7360,MDJL LARGE PREM,602512332,12450,210,5,1050,Premium Dates,Medjoul Dates Large,Savla Bond,Hadiklaim,871.2,914760
2026-01-21,D-514,GR7360,MDJL LARGE PREM,602512329,12447,210,5,1050,Premium Dates,Medjoul Dates Large,Savla Bond,Hadiklaim,871.2,914760
2026-01-21,D-514,GR7360,MDJL LARGE PREM,602512328,12446,210,5,1050,Premium Dates,Medjoul Dates Large,Savla Bond,Hadiklaim,871.2,914760
2026-01-21,D-514,GR7360,MDJL LARGE PREM,602512327,12445,210,5,1050,Premium Dates,Medjoul Dates Large,Savla Bond,Hadiklaim,871.2,914760
2026-01-21,D-514,GR7360,MDJL LARGE PREM,602512326,12444,210,5,1050,Premium Dates,Medjoul Dates Large,Savla Bond,Hadiklaim,871.2,914760
2026-01-21,D-514,GR7360,MDJL LARGE PREM,602512325,12443,210,5,1050,Premium Dates,Medjoul Dates Large,Savla Bond,Hadiklaim,871.2,914760
2026-01-21,D-514,GR7360,MDJL LARGE PREM,602512324,12442,210,5,1050,Premium Dates,Medjoul Dates Large,Savla Bond,Hadiklaim,871.2,914760
2026-01-21,D-514,GR7360,MDJL LARGE PREM,602512323,12441,210,5,1050,Premium Dates,Medjoul Dates Large,Savla Bond,Hadiklaim,871.2,914760
2026-01-21,D-514,GR7360,MDJL SUP. JUM PREM,602512322,12440,210,5,1050,Premium Dates,Medjoul Dates Super Jumbo,Savla Bond,Hadiklaim,1152,1209600
2026-01-21,D-514,GR7360,MDJL SUP. JUM PREM,602512321,12439,210,5,1050,Premium Dates,Medjoul Dates Super Jumbo,Savla Bond,Hadiklaim,1152,1209600
2026-01-21,D-514,GR7360,MDJL SUP. JUM PREM,602512320,12438,210,5,1050,Premium Dates,Medjoul Dates Super Jumbo,Savla Bond,Hadiklaim,1152,1209600
2026-01-21,D-514,GR7360,MDJL SUP. JUM PREM,602512319,12437,210,5,1050,Premium Dates,Medjoul Dates Super Jumbo,Savla Bond,Hadiklaim,1152,1209600
2026-01-21,D-514,GR7360,MDJL JUMBO PREM,602510341,12436,210,5,1050,Premium Dates,MEDJOUL DATES JUMBO,Savla Bond,Hadiklaim,1057,1109850
2026-01-21,D-514,GR7360,MDJL JUMBO PREM,602510340,12435,210,5,1050,Premium Dates,MEDJOUL DATES JUMBO,Savla Bond,Hadiklaim,1057,1109850
2026-01-21,D-514,GR7360,MDJL JUMBO PREM,602510339,12434,210,5,1050,Premium Dates,MEDJOUL DATES JUMBO,Savla Bond,Hadiklaim,1057,1109850
2026-01-21,D-514,GR7360,MDJL MED PREM,602512335,12433,210,5,1050,Premium Dates,Medjoul Dates Medium,Savla Bond,Hadiklaim,753.28,790944
2026-01-21,D-514,GR7360,MDJL MED PREM,502571221,12432,210,5,1050,Premium Dates,Medjoul Dates Medium,Savla Bond,Hadiklaim,753.28,790944
2026-01-21,D-514,GR7360,MDJL MED PREM,502571220,12431,210,5,1050,Premium Dates,Medjoul Dates Medium,Savla Bond,Hadiklaim,753.28,790944
2026-01-21,D-514,GR7360,MDJL LARGE PREM,602512330,12448,210,5,1050,Premium Dates,Medjoul Dates Large,Savla Bond,Hadiklaim,871.2,914760
2026-02-11,D-514,GR7864,MEDJ.LARGE 672526111,1350105480,13314,210,5,1050,Premium Dates,Medjoul Dates Large,Savla Bond,Hadiklaim,871.2,914760
2026-02-11,D-514,GR7864,MEDJ.LARGE 672526110,1350105480,13313,210,5,1050,Premium Dates,Medjoul Dates Large,Savla Bond,Hadiklaim,871.2,914760
2026-02-11,D-514,GR7864,MEDJ.LARGE 672526109,1350105480,13312,210,5,1050,Premium Dates,Medjoul Dates Large,Savla Bond,Hadiklaim,871.2,914760
2026-02-11,D-514,GR7864,MEDJ.LARGE 672526108,1350105480,13311,210,5,1050,Premium Dates,Medjoul Dates Large,Savla Bond,Hadiklaim,871.2,914760
2026-02-11,D-514,GR7864,MEDJ.LARGE 672526107,1350105480,13310,210,5,1050,Premium Dates,Medjoul Dates Large,Savla Bond,Hadiklaim,871.2,914760
2026-02-11,D-514,GR7864,MEDJ.LARGE 672526106,1350105480,13309,210,5,1050,Premium Dates,Medjoul Dates Large,Savla Bond,Hadiklaim,871.2,914760
2026-02-11,D-514,GR7864,MEDJ.LARGE 672526105,1350105480,13308,210,5,1050,Premium Dates,Medjoul Dates Large,Savla Bond,Hadiklaim,871.2,914760
2026-02-11,D-514,GR7864,MEDJ.LARGE 672526104,1350105480,13307,210,5,1050,Premium Dates,Medjoul Dates Large,Savla Bond,Hadiklaim,871.2,914760
2026-02-11,D-514,GR7864,MEDJ.LARGE 672526103,1350105480,13306,210,5,1050,Premium Dates,Medjoul Dates Large,Savla Bond,Hadiklaim,871.2,914760
2026-02-11,D-514,GR7864,MEDJ.LARGE 672526102,1350105480,13305,210,5,1050,Premium Dates,Medjoul Dates Large,Savla Bond,Hadiklaim,871.2,914760
2026-02-11,D-514,GR7864,MEDJ.LARGE 672526101,1350105480,13304,210,5,1050,Premium Dates,Medjoul Dates Large,Savla Bond,Hadiklaim,871.2,914760
2026-02-11,D-514,GR7864,MEDJ.LARGE 672526100,1350105480,13303,210,5,1050,Premium Dates,Medjoul Dates Large,Savla Bond,Hadiklaim,871.2,914760
2026-02-11,D-514,GR7864,MEDJ.LARGE 672526099,1350105480,13302,210,5,1050,Premium Dates,Medjoul Dates Large,Savla Bond,Hadiklaim,871.2,914760
2026-02-11,D-514,GR7864,MEDJ.LARGE  672526098,1350105480,13301,210,5,1050,Premium Dates,Medjoul Dates Large,Savla Bond,Hadiklaim,871.2,914760
2026-02-11,D-514,GR7864,MEDJ.SUPER JUMBO 502572027,1350205472,13300,210,5,1050,Premium Dates,Medjoul Dates Super Jumbo,Savla Bond,Hadiklaim,1152,1209600
2026-02-11,D-514,GR7864,MEDJ.SUPER JUMBO 502572026,1350205472,13299,210,5,1050,Premium Dates,Medjoul Dates Super Jumbo,Savla Bond,Hadiklaim,1152,1209600
2026-02-11,D-514,GR7864,MEDJ.JUMBO 502572025,1350905471,13298,210,5,1050,Premium Dates,MEDJOUL DATES JUMBO,Savla Bond,Hadiklaim,1057,1109850
2026-02-11,D-514,GR7864,MEDJ.JUMBO 502572024,1350905471,13297,210,5,1050,Premium Dates,MEDJOUL DATES JUMBO,Savla Bond,Hadiklaim,1057,1109850
2026-02-11,D-514,GR7864,AMARY BULK 2025140199,1950105106,13295,200,5,1000,Premium Dates,Amary Dates,Savla,Hadiklaim,315,315000
2026-02-11,D-514,GR7864,MEDJ.JUMBO 502572023,1350905471,13296,210,5,1050,Premium Dates,MEDJOUL DATES JUMBO,Savla Bond,Hadiklaim,1057,1109850
2024-01-09,Rishi,Rishi Cold,Safawi,Safawi,105768,42,20,840,Premium Dates,Wet Dates Safavi,Rishi,Local,550,462000
2024-03-21,Rishi,Rishi Cold,Dry Dates,Dry Dates,107268,49,12,588,Dry Dates,Kharik,Rishi,Local,250,147000
2024-12-13,Rishi,Rishi Cold,Khalas,-,114238,95,10,950,Economical Dates,AL BARAKAH KHALAS PREMIUM DATES,Rishi,AL BARAKAH,116,110200
2024-12-14,Rishi,Rishi Cold,Khalas,-,114290,343,10,3430,Economical Dates,AL BARAKAH KHALAS PREMIUM DATES,Rishi,AL BARAKAH,116,397880
2024-12-14,Rishi,Rishi Cold,Khalas,-,114308,715,10,7150,Economical Dates,AL BARAKAH KHALAS PREMIUM DATES,Rishi,AL BARAKAH,116,829400
2024-12-21,Rishi,Rishi Cold,Khalas,-,114483,1504,10,15040,Economical Dates,AL BARAKAH KHALAS PREMIUM DATES,Rishi,AL BARAKAH,116,1744640
2024-12-31,Rishi,Rishi Cold,KHALAS,,114757,56,10,560,Economical Dates,AL BARAKAH KHALAS PREMIUM DATES,Rishi,AL BARAKAH,116,64960
2025-01-27,Rishi,Rishi Cold,WHITE,,115342,26,20,520,Premium Dates,Wet Dates Safavi,Rishi,Local,550,286000
2025-03-01,Rishi,Rishi Cold,KHALAS,,116061,699,10,6990,Economical Dates,AL BARAKAH KHALAS DATES,Rishi,AL BARAKAH,116,810840
2025-03-04,Rishi,Rishi Cold,KHALAS,,116121,500,10,5000,Economical Dates,AL BARAKAH KHALAS DATES,Rishi,AL BARAKAH,116,580000
2025-03-05,Rishi,Rishi Cold,FARD - STAND,,116140,9,10,90,Economical Dates,AL BARAKAH FARD DATES STANDARD,Rishi,AL BARAKAH,208,18720
2025-03-25,Rishi,Rishi Cold,Reziz,,116640,132,10,1320,Economical Dates,AL BARAKAH REZIZ DATES 10KG,Rishi,AL BARAKAH,87.7,115764
2025-04-04,Rishi,Rishi Cold,KHALAS,,116793,1292,10,12920,Economical Dates,AL BARAKAH KHALAS PREMIUM DATES,Rishi,AL BARAKAH,116,1498720
2025-04-05,Rishi,Rishi Cold,BARAHI,,116835,458,10,4580,Economical Dates,AL BARAKAH BARHI DATES 10KG,Rishi,AL BARAKAH,90.5,414490
2025-04-08,Rishi,Rishi Cold,KHALAS,,116927,250,10,2500,Economical Dates,AL BARAKAH KHALAS PREMIUM DATES,Rishi,AL BARAKAH,116,290000
2025-04-12,Rishi,Rishi Cold,KHALAS,,117042,9,10,90,Economical Dates,AL BARAKAH KHALAS PREMIUM DATES,Rishi,AL BARAKAH,116,10440
2025-04-13,Rishi,Rishi Cold,KHALAS,,117074,1607,10,16070,Economical Dates,AL BARAKAH KHALAS PREMIUM DATES,Rishi,AL BARAKAH,116,1864120
2025-04-15,Rishi,Rishi Cold,EMIRAT-BLA,,117122,34,10,340,Economical Dates,AL BARAKAH KHALAS PREMIUM DATES,Rishi,AL BARAKAH,116,39440
2025-04-27,Rishi,Rishi Cold,FARD,Orange Box,117407,848,10,8480,Economical Dates,Al Barakah Fard Dates Premium,Rishi,AL BARAKAH,233,1975840
2025-04-27,Rishi,Rishi Cold,FARD,Orange Box,117411,778,10,7780,Economical Dates,Al Barakah Fard Dates Premium,Rishi,AL BARAKAH,233,1812740
2025-04-28,Rishi,Rishi Cold,FARD,Orange Box,117413,134,10,1340,Economical Dates,Al Barakah Fard Dates Premium,Rishi,AL BARAKAH,233,312220
2025-05-10,Rishi,Rishi Cold,KHALAS,,117769,175,10,1750,Economical Dates,AL BARAKAH KHALAS DATES,Rishi,AL BARAKAH,116,203000
2025-05-13,Rishi,Rishi Cold,DRY - CHURA,,117833,37,10,370,Dry Dates,DRY DATES-GRADE 2,Rishi,NAKHEEL,241,89170
2025-05-31,Rishi,Rishi Cold,BROWN,,118284,9,16,144,Economical Dates,AL BARAKAH SUFRI DATES 10KG,Rishi,Local,115,16560
2025-06-03,Rishi,Rishi Cold,BROWN,,118351,17,15,255,Economical Dates,AL BARAKAH SUFRI DATES 10KG,Rishi,Local,115,29325
2025-06-03,Rishi,Rishi Cold,BROWN,,118352,5,13,65,Economical Dates,AL BARAKAH SUFRI DATES 10KG,Rishi,Local,115,7475
2025-06-03,Rishi,Rishi Cold,BROWN,,118353,2,18,36,Economical Dates,AL BARAKAH SUFRI DATES 10KG,Rishi,Local,115,4140
2025-06-30,Rishi,Rishi Cold,Al Barakah,RTV Sunirse,119002,46,15,690,Economical Dates,AL BARAKAH BARHI DATES 10KG,Rishi,AL BARAKAH,90.5,62445
2025-07-07,Rishi,Rishi Cold,Mazafati,,119224,1388,5,6940,Economical Dates,Wet Dates (Mazafati),Rishi,Local,198,1374120
2025-07-16,Rishi,Rishi Cold,Mazafati,,119491,321,5,1605,Economical Dates,Wet Dates (Mazafati),Rishi,Local,198,317790
2025-07-23,Rishi,Rishi Cold,Bam-Kimia,,119639,373,5,1865,Economical Dates,Wet Dates (Mazafati),Rishi,Local,240,447600
2025-08-01,Rishi,Rishi Cold,MIX,,119869,43.5,10,435,Economical Dates,Wet Dates Seedless Khalas,Rishi,AL BARAKAH,126,54810
2025-08-23,Rishi,Rishi Cold,PREMIUM,,120372,25,5,125,Economical Dates,Wet Dates (Mazafati),Rishi,Local,240,30000
2025-08-25,Rishi,Rishi Cold,ROYAL ARABIAN,,120409,337,12,4044,Economical Dates,Delmonte Royal Arabian dates 500g [1 Case x 24 unit] Non-Promo,Rishi,AL BARAKAH,116,469104
2025-11-24,Rishi,Rishi Cold,SAFAWI,,122755,301,5,1505,Premium Dates,Wet Dates Safavi,Rishi,Local,550,827750
2025-10-06,Rishi,Rishi Cold,KHALAS,AAT IMPEX,121432,1099,10,10990,Economical Dates,AL BARAKAH KHALAS PREMIUM DATES,Rishi,AL BARAKAH,116,1274840
2025-10-14,Rishi,Rishi Cold,BARAHI,,121648,,10,,Economical Dates,AL BARAKAH BARHI DATES 10KG,Rishi,AL BARAKAH,90.5,
2025-10-15,Rishi,Rishi Cold,BROWN,,121686,248,12,2976,Economical Dates,Delmonte Royal Arabian dates 500g [1 Case x 24 unit] Non-Promo,Rishi,AL BARAKAH,116,345216
2025-10-28,Rishi,Rishi Cold,Sayer Dates,,121939,,10,,Economical Dates,Wet Date Sayer ( Unpitted ),Rishi,AL BARAKAH,99,
2025-10-31,Rishi,Rishi Cold,KHALAS,,121977,2,10,20,Economical Dates,AL BARAKAH KHALAS PREMIUM DATES,Rishi,AL BARAKAH,116,2320
2025-11-02,Rishi,Rishi Cold,Sayer Dates,,122019,1806,10,18060,Economical Dates,Wet Date Sayer ( Unpitted ),Rishi,AL BARAKAH,99,1787940
2025-11-15,Rishi,Rishi Cold,BARHI,,122457,400,10,4000,Economical Dates,AL BARAKAH BARHI DATES 10KG,Rishi,Local,90.5,362000
2025-11-28,Rishi,Rishi Cold,Sayer Dates,,122909,879,5,4395,Economical Dates,Wet Date Sayer ( Unpitted ),Rishi,Local,105,461475
2025-11-29,Rishi,Rishi Cold,BARHI,,122937,159,10,1590,Economical Dates,AL BARAKAH BARHI DATES 10KG,Rishi,Local,90.5,143895
2025-12-08,Rishi,Rishi Cold,KHALAS,,123249,119,10,1190,Economical Dates,Wet Dates Seedless Khalas,Rishi,AL BARAKAH,126,149940
2025-12-09,Rishi,Rishi Cold,Mazafati,,123292,142,6.8,965.6,Economical Dates,Wet Dates (Mazafati),Rishi,Local,198,191188.8
2025-12-09,Rishi,Rishi Cold,Sayer Dates,,123293,4,10,40,Economical Dates,Wet Date Sayer ( Unpitted ),Rishi,AL BARAKAH,99,3960
2025-12-09,Rishi,Rishi Cold,Ajwa,,123294,28,5,140,Premium Dates,Wet Dates Ajwa,Rishi,,675,94500
2025-12-09,Rishi,Rishi Cold,Mabroom,,123295,2,15,30,Premium Dates,Wet Dates (Mabroom),Rishi,,990,29700
2025-12-09,Rishi,Rishi Cold,Sayer Dates,,123296,3,5,15,Economical Dates,Wet Date Sayer ( Unpitted ),Rishi,Local,105,1575
2025-12-09,Rishi,Rishi Cold,Crushed Dates,,123298,,10,,Economical Dates,AL BARAKAH CRUSHED DATES 10KG,Rishi,AL BARAKAH,127,
2025-12-10,Rishi,Rishi Cold,FARD - STAND,,123327,109,10,1090,Economical Dates,Al Barakah Fard Dates Seedless,Rishi,AL BARAKAH,230,250700
2025-12-11,Rishi,Rishi Cold,Khalas-Mix,,123364,52,10,520,Economical Dates,Wet Dates Seedless Khalas,Rishi,AL BARAKAH,126,65520
2025-12-11,Rishi,Rishi Cold,Fard-Mix,,123365,55,5,275,Economical Dates,Al Barakah Fard Dates Seedless,Rishi,AL BARAKAH,230,63250
2025-12-11,Rishi,Rishi Cold,FARD - STAND,,123366,73,10,730,Economical Dates,Al Barakah Fard Dates Seedless,Rishi,AL BARAKAH,230,167900
2025-12-18,Rishi,Rishi Cold,Zahidi,,123591,1682,10,16820,Economical Dates,Wet Dates Zahidi,Rishi,Local,115,1934300
2025-12-20,Rishi,Rishi Cold,Brown 13KG,,123683,486,12,5832,Economical Dates,Delmonte Royal Arabian dates 500g [1 Case x 24 unit] Non-Promo,Rishi,AL BARAKAH,116,676512
2025-12-20,Rishi,Rishi Cold,Brown,,123633,215,10,2150,Economical Dates,AL BARAKAH SUFRI DATES 10KG,Rishi,Local,115,247250
2025-12-20,Rishi,Rishi Cold,Khalas VR,,123688,40,10,400,Economical Dates,AL BARAKAH KHALAS DATES,Rishi,AL BARAKAH,116,46400
2025-12-25,Rishi,Rishi Cold,Seedless,,123887,70,10,700,Economical Dates,Wet Dates Seedless Khalas,Rishi,AL BARAKAH,126,88200
2025-12-25,Rishi,Rishi Cold,Barhi,,123888,100,10,1000,Economical Dates,AL BARAKAH BARHI DATES 10KG,Rishi,AL BARAKAH,90.5,90500
2025-12-26,Rishi,Rishi Cold,Fard,,123935,,10,,Economical Dates,AL BARAKAH FARD DATES STANDARD,Rishi,AL BARAKAH,195,
2025-12-26,Rishi,Rishi Cold,BAM-MIX,,123936,400,6,2400,Economical Dates,Wet Dates (Mazafati),Rishi,Local,199,477600
2025-12-29,Rishi,Rishi Cold,REZIZ,,124042,2,10,20,Economical Dates,AL BARAKAH REZIZ DATES 10KG,Rishi,AL BARAKAH,87.7,1754
2026-01-08,Rishi,Rishi Cold,Al Barakah Kimia 500g,,124407,50,6,300,Economical Dates,Al Barakah Kimia Dates 500 Gm,Rishi,,260,78000
2026-01-08,Rishi,Rishi Cold,BAM-MIX,,124409,264,6,1584,Economical Dates,Wet Dates (Mazafati),Rishi,Local,199,315216
2026-01-19,Rishi,Rishi Cold,Seedless,,124652,140,5,700,Economical Dates,Wet Dates Seedless Khalas,Rishi,AL BARAKAH,126,88200
2026-01-22,Rishi,Rishi Cold,Egyptian,,124679,1886,10,18860,Economical Dates,Egyptian Wet Dates 10Kg,Rishi,Muffaddar,100,1886000
2026-01-24,Rishi,Rishi Cold,PEST,,124789,1500,12.5,18750,Date Paste,AL BARAKAH DATE PASTE 12.5KG,Rishi,AL BARAKAH,95,1781250
2026-01-24,Rishi,Rishi Cold,FARD,,124790,345,10,3450,Economical Dates,Al Barakah Fard Dates Standard,Rishi,AL BARAKAH,157,541650
2026-02-03,Rishi,Rishi Cold,KHALAS,,124994,88,10,880,Economical Dates,Wet Dates Khalas,Rishi,Local,116,102080
2026-02-07,Rishi,Rishi Cold,FARD-RELIANCE,,125087,49,10,490,Economical Dates,Wet Dates Fard,Rishi,Local,215,105350
2026-02-10,Rishi,Rishi Cold,Barhi,,125168,2288,10,22880,Economical Dates,AL BARAKAH BARHI DATES 10KG,Rishi,Local,90.5,2070640
2026-02-11,Rishi,Rishi Cold,Barhi,,125178,2595,10,25950,Economical Dates,AL BARAKAH BARHI DATES 10KG,Rishi,Local,90.5,2348475
2026-02-13,Rishi,Rishi Cold,FARD,,125276,999,10,9990,Economical Dates,Al Barakah Fard Dates Premium,Rishi,AL BARAKAH,233,2327670
2026-02-14,Rishi,Rishi Cold,Sayer Dates WEFOOD 5KG,,125295,2400,5,12000,Economical Dates,Wet Date Sayer ( Unpitted ),Rishi,Local,96,1152000
2026-02-15,Rishi,Rishi Cold,Sayer Dates WEFOOD 5KG,,125329,2143,5,10715,Economical Dates,Wet Date Sayer ( Unpitted ),Rishi,Local,96,1028640
2026-02-15,Rishi,Rishi Cold,Sayer Dates WEFOOD 5KG,,125329,1285,5,6425,Economical Dates,Wet Date Sayer ( Unpitted ),Rishi,Local,96,616800
2026-02-15,Rishi,Rishi Cold,Sayer Dates WEFOOD 5KG,,125320,3483,5,17415,Economical Dates,Wet Date Sayer ( Unpitted ),Rishi,Local,96,1671840
2026-02-03,Supreme,22797,KHALAS _ Green,,34693,22,10,220,Economical Dates,Wet Dates Khalas,Supreme,Local,110,24200
2026-02-03,Supreme,22797,KHALAS _ White,,34693,1044,10,10440,Economical Dates,Wet Dates Khalas,Supreme,Local,110,1148400
,A-185,185 Cold,,,A-185,10,1,10,Almond,Almond Blanched Sliced,A-185 Cold,,802,8020
,A-185,185 Cold,,,A-185,10.396,1,10.396,Almond,Almonds Kernel Cube Cut,A-185 Cold,,790,8212.84
,A-185,185 Cold,,,A-185,50,1,50,Almond,American Almonds Kernal Sanora,A-185 Cold,,800,40000
,A-185,185 Cold,,,A-185,170,1,170,Almond,American Almonds Tonch,A-185 Cold,,800,136000
,A-185,185 Cold,,,A-185,9.04,1,9.04,Almond,Chilli Almonds Bulk,A-185 Cold,,630,5695.2
,A-185,185 Cold,,,A-185,20.34,1,20.34,Almond,American Almonds Kernel 20-22 count,A-185 Cold,,830,16882.2
,A-185,185 Cold,Reliance,,A-185,270,1,270,Almond,American Almonds Running 25-27 count,A-185 Cold,,790,213300
,A-185,185 Cold,,,A-185,8.04,1,8.04,Almond,Cocoa Glazed Almonds,A-185 Cold,,920,7396.799999999999
,A-185,185 Cold,,,A-185,648.3,1,648.3,Almond,Smoked Almonds,A-185 Cold,,595,385738.5
,A-185,185 Cold,,,A-185,125,1,125,Apricot,Turkey Apricot No 3,A-185 Cold,,880,110000
,A-185,185 Cold,,,A-185,52.5,1,52.5,Black Currant,Dried Black Currant,A-185 Cold,,490,25725
,A-185,185 Cold,,,A-185,,1,,Blueberry,Dried Blueberry Apple Infused,A-185 Cold,,1270,
,A-185,185 Cold,,,A-185,3582.06,1,3582.06,Blueberry,Dried Blueberry,A-185 Cold,Tajir,1130,4047727.8
,A-185,185 Cold,,,A-185,13,1,13,Cashew,Cashew 320,A-185 Cold,,780,10140
,A-185,185 Cold,,,A-185,14.98,1,14.98,Cashew,Cashew Tukda,A-185 Cold,,770,11534.6
,A-185,185 Cold,,,A-185,7,1,7,Cashew,Chilli Garlic Cashew Bulk,A-185 Cold,,750,5250
,A-185,185 Cold,,,A-185,11.34,1,11.34,Cranberry,Cranberry Slice Apple Infused,A-185 Cold,,470,5329.8
,A-185,185 Cold,,,A-185,725.2,1,725.2,Cranberry,Dried Cranberry Sliced,A-185 Cold,,375,271950
,A-185,185 Cold,Cranberry Whole,,A-185,2063.88,1,2063.88,Cranberry,Dried Cranberry Whole,A-185 Cold,,415,856510.2000000001
,A-185,185 Cold,,,A-185,90,1,90,Dry Dates,Kharik Tukda,A-185 Cold,,210,18900
,A-185,185 Cold,,,A-185,70,1,70,Date Powder,AL BARAKAH DEHYDRATED DATE POWDER - BULK PACK 10KG,A-185 Cold,,270,18900
,A-185,185 Cold,,,A-185,1620,1.15,1863,Date Syrup,AL BARAKAH DATE SYRUP(1.15KG X 12),A-185 Cold,,190,353969.9999999999
,A-185,185 Cold,,,A-185,260,0.4,104,Date Syrup,AL BARAKAH DATES SYRUP (400G Packing),A-185 Cold,,216,22464
,A-185,185 Cold,,,A-185,10,1,10,Dehydrated Fruits,Dehydrated Strawberry fruit,A-185 Cold,,944,9440
,A-185,185 Cold,,,A-185,5,1,5,Dehydrated Fruits,Dried Ginger Powder - Saunth Powder,A-185 Cold,,350,1750
,A-185,185 Cold,,,A-185,55.4,1,55.4,Dehydrated Fruits,Dried Mango Loose,A-185 Cold,,465,25761
,A-185,185 Cold,,Pplain,A-185,195.2,1,195.2,Dehydrated Fruits,Dried Orange Peel,A-185 Cold,,750,146400
,A-185,185 Cold,,,A-185,23.3,1,23.3,Dehydrated Fruits,Dried Apple,A-185 Cold,,726,16915.8
,A-185,185 Cold,,,A-185,14,1,14,Dehydrated Fruits,Dried Pineapple,A-185 Cold,,726,10164
,A-185,185 Cold,,,A-185,6.48,1,6.48,Makhana,Makhana 4+ Sutta,A-185 Cold,,1235,8002.8
,A-185,185 Cold,,,A-185,25,1,25,Miscellaneous,Coating Mix,A-185 Cold,,350,8750
,A-185,185 Cold,,,A-185,2,1,2,Miscellaneous,Cocoa Powder,A-185 Cold,,870,1740
,A-185,185 Cold,,,A-185,9.3,1,9.3,Miscellaneous,Jaggery Powder,A-185 Cold,,95,883.5000000000001
,A-185,185 Cold,,,A-185,1.3,1,1.3,Miscellaneous,Dark Compound Chips,A-185 Cold,,296,384.8
,A-185,185 Cold,,,A-185,25,1,25,Miscellaneous,Corn Grits / Meal,A-185 Cold,,40,1000
,A-185,185 Cold,,,A-185,488.5599999999999,1,488.5599999999999,Seasoning,PREGEFLO C 100 G,A-185 Cold,,270,131911.2
,A-185,185 Cold,,,A-185,,1,,Seasoning,SIDCOT STARCH,A-185 Cold,,250,
2023-07-21,A-185,185 Cold,,,A-185,526,1,526,Peanut,ROASTED BLANCHED PEANUT WHOLE,A-185 Cold,,270,142020
,A-185,185 Cold,,,A-185,,1,,Peanut,Peanuts,A-185 Cold,,127.01,
,A-185,185 Cold,,,A-185,442.26,1,442.26,Pistachios,California Pista Inshell,A-185 Cold,,857,379016.82
,A-185,185 Cold,,,A-185,380,1,380,Pistachios,Pista Kernel,A-185 Cold,,1500,570000
,A-185,185 Cold,,,A-185,49,1,49,Pistachios,Pista Irani Inshell Roasted and Salted,A-185 Cold,,920,45080
,A-185,185 Cold,,,A-185,,1,,Brazil Nuts,Brazil Nuts,A-185 Cold,,2800,
,A-185,185 Cold,,,A-185,29.6,1,29.6,Hazelnut,Hazelnut Kernal,A-185 Cold,,1280,37888
,A-185,185 Cold,,,A-185,1.4,1,1.4,Macadamia,Macadamia Kernel Style 0,A-185 Cold,,1790,2506
,A-185,185 Cold,,,A-185,77.18,1,77.18,Macadamia,Macadamia Roasted - Size 4L,A-185 Cold,,1290,99562.20000000001
,A-185,185 Cold,,,A-185,11.34,1,11.34,Macadamia,Macadamia Roasted - Size 6,A-185 Cold,,900,10206
,A-185,185 Cold,,,A-185,223.38,1,223.38,Pecan Nut,Pecan Nuts,A-185 Cold,,1440,321667.2
,A-185,185 Cold,,,A-185,80,1,80,Pecan Nut,Pecans Nuts Inshell,A-185 Cold,,464.5,37160
,A-185,185 Cold,,,A-185,12.04,1,12.04,Hazelnut,Cocoa Glazed Hazelnuts,A-185 Cold,,1262.24,15197.3696
,A-185,185 Cold,,,A-185,1428.84,1,1428.84,Prunes,Dried Prunes (Pitted),A-185 Cold,,470,671554.8
,A-185,185 Cold,,,A-185,224,1,224,Raisins,Afghan Munakka / Abjosh 1X2,A-185 Cold,,725,162400
,A-185,185 Cold,,,A-185,870,1,870,Raisins,Afghan Black Raisins Seedless 1*2,A-185 Cold,,370,321900
,A-185,185 Cold,,,A-185,17.68,1,17.68,Raisins,Indian Green Raisins,A-185 Cold,,400,7072
,A-185,185 Cold,,,A-185,202,1,202,Seasoning,Anardana Churan,A-185 Cold,,260,52520
,A-185,185 Cold,,,A-185,372,1,372,Seasoning,Anardana Powder,A-185 Cold,,230,85560
,A-185,185 Cold,,,A-185,111.7,1,111.7,Seasoning,Barbeque seasoning,A-185 Cold,,255,28483.5
,A-185,185 Cold,,,A-185,70,1,70,Seasoning,Black Pepper Seasoning,A-185 Cold,,540,37800
,A-185,185 Cold,,,A-185,33.5,1,33.5,Seasoning,"Black Salt, Kala Namak - Crystal",A-185 Cold,,32,1072
,A-185,185 Cold,,,A-185,2.5,1,2.5,Seasoning,CHAT MASALA MDH,A-185 Cold,,725,1812.5
,A-185,185 Cold,,,A-185,122.93,1,122.93,Seasoning,Chatpata Seasoning,A-185 Cold,,250,30732.5
,A-185,185 Cold,,,A-185,,1,,Seasoning,Cheesy Tomato Seasoning 2 (PR01895/001),A-185 Cold,,170,
,A-185,185 Cold,,,A-185,26.8,1,26.8,Seasoning,Chilli Garlic Masala Seasoning,A-185 Cold,,300,8040
,A-185,185 Cold,,,A-185,150,1,150,Seasoning,Chipotle Honey Seasoning,A-185 Cold,,259,38850
,A-185,185 Cold,,,A-185,1,1,1,Seasoning,Dalchini (Cinnamon) Powder,A-185 Cold,,450,450
,A-185,185 Cold,,,A-185,4,1,4,Seasoning,Dried Mango Powder - Amchur,A-185 Cold,,65,260
,A-185,185 Cold,,,A-185,,1,,Seasoning,Lemon Pepper Seasoning,A-185 Cold,,250,
,A-185,185 Cold,,,A-185,25.23,1,25.23,Seasoning,Magic Masala Seasoning,A-185 Cold,,210,5298.3
,A-185,185 Cold,,,A-185,46.68,1,46.68,Seasoning,Mango Slice Chilli Seasoning,A-185 Cold,,950,44346
,A-185,185 Cold,,,A-185,,1,,Seasoning,Mexican Chilli Seasoning (PR01027/001),A-185 Cold,,210,
,A-185,185 Cold,,,A-185,25,1,25,Seasoning,Paan Seasoning AB319,A-185 Cold,,230,5750
,A-185,185 Cold,,,A-185,101.5,1,101.5,Seasoning,Peri Peri Marination Seasoning,A-185 Cold,,217,22025.5
,A-185,185 Cold,,,A-185,25,1,25,Seasoning,Pizza Seasoning,A-185 Cold,,221,5525
,A-185,185 Cold,,,A-185,205,1,205,Seasoning,Pudina seasoning,A-185 Cold,,230,47150
,A-185,185 Cold,,,A-185,4,1,4,Seasoning,Black Pepper Powder,A-185 Cold,,365,1460
,A-185,185 Cold,,,A-185,270,1,270,Seeds,Sesame Seeds (White Til),A-185 Cold,,152,41040
,A-185,185 Cold,,,A-185,23,1,23,Seasoning,Smokey BBQ seasoning,A-185 Cold,,280,6440
,A-185,185 Cold,,,A-185,34.9,1,34.9,Seasoning,Sour Cream And Onion Seasoning,A-185 Cold,,450,15705
,A-185,185 Cold,,,A-185,52,1,52,Seasoning,SWEET THAI CHILLI SEASONING,A-185 Cold,,210,10920
,A-185,185 Cold,,,A-185,14.4,1,14.4,Seasoning,Tandoori Seasoning,A-185 Cold,,260,3744
,A-185,185 Cold,,Roasted,A-185,6,1,6,Seasoning,TANGY TOMATO SEASONING,A-185 Cold,,178,1068
,A-185,185 Cold,,,A-185,1.4,1,1.4,Seasoning,Urban Platter Mexican Chipotle Seasoning,A-185 Cold,,186,260.4
,A-185,185 Cold,,,A-185,5.6,1,5.6,Seasoning,Urban Platter Soya Chaap Seasoning,A-185 Cold,,595,3332
,A-185,185 Cold,,,A-185,75,1,75,Seasoning,Wasabi Seasoning AB343,A-185 Cold,,228,17100
,A-185,185 Cold,,,A-185,53.8,1,53.8,Seeds,Hemp Seeds,A-185 Cold,,240,12912
,A-185,185 Cold,,,A-185,143.56,1,143.56,Trail Mix,Crunchy Caramel Trail Mix,A-185 Cold,,750,107670
,A-185,185 Cold,,,A-185,,1,,Walnut,Chilean Walnut Kernel 2 pcs,A-185 Cold,,1380,
,A-185,185 Cold,,,A-185,8.04,1,8.04,Pecan Nut,Cinnamon Glazed Pecan,A-185 Cold,,1740,13989.6
,A-185,185 Cold,,,A-185,11.58,1,11.58,Blueberry,Dried Blueberry,A-185 Cold,,2189,25348.62
,A-185,185 Cold,,,A-185,300,0.5,150,Premium Dates,CURATE DATES MEDJOUL IMP ISREL 500G,A-185 Cold,,1148,172200
,A-185,185 Cold,,,A-185,45,0.5,22.5,Premium Dates,Fresho Kimia Dates 500 Gm,A-185 Cold,,300,6750
2023-12-06,A-185,185 Cold,,,A-185,3332,1,3332,Dry Dates,DRY DATES-GRADE 2,A-185 Cold,,241,803012
,A-185,185 Cold,,,A-185,100,1,100,Trail Mix,Natch Glazed Nut Mix Cinnamon,A-185 Cold,,820,82000
,A-185,185 Cold,,,A-185,16,1,16,Seasoning,Pure Maple Syrup,A-185 Cold,,1620,25920
,A-185,185 Cold,,,A-185,14.5,1,14.5,Dehydrated Fruits,Dried Cherry (Red),A-185 Cold,,600,8700
,A-185,185 Cold,,,A-185,15,1,15,Raisins,Afghan Black Raisins Seeded 1*2,A-185 Cold,,360,5400
,A-185,185 Cold,,,A-185,26400,1,26400,Seeds,Pumpkin Seeds (5%),A-185 Cold,,375,9900000
